Team,Team Code,Year,Date,Time,LTime,Loc,Opponent,Team Code opp,Week,G,Day,Result,OT,Points For,Points Against,Points Difference,Points Combined,Pass Comp,Pass Att,Comp Pct,Pass Yard,Pass TD,Pass Int,Sk,Yds,Pass Rate,Rush Att,Rush Yard,Rush Avg,Rush TD,Pass Comp opp,Pass Att opp,Comp Pct opp,Pass Yard opp,Pass TD opp,Pass Int opp,Sk opp,Yds opp,Pass Rate opp,Rush Att opp,Rush Yard opp,Rush Avg opp,Rush TD opp
ATL,1,2001,2001-09-09,1:15,1:15,@,SFO,28,1,1,Sun,L 13-16,OT,13,16,-3,29,11,22,50.0,107,0,0,2,14,64.0,31,134,4.32,1,26,40,65.0,324,1,1,2,11,87.9,28,105,3.75,0
BUF,2,2001,2001-09-09,1:05,1:05,,NOR,15,1,1,Sun,L 6-24,,6,24,-18,30,16,28,57.1,126,0,3,5,34,28.9,28,125,4.46,0,18,30,60.0,192,3,0,2,17,112.1,26,109,4.19,0
CAR,29,2001,2001-09-09,1:00,12:00,@,MIN,14,1,1,Sun,W 24-13,,24,13,11,37,13,22,59.1,200,1,1,2,23,85.4,38,91,2.39,1,22,38,57.9,234,1,3,1,2,51.9,26,109,4.19,1
CHI,3,2001,2001-09-09,1:02,1:02,@,BAL,31,1,1,Sun,L 6-17,,6,17,-11,23,24,39,61.5,133,0,2,1,5,46.2,28,56,2.0,0,24,30,80.0,262,1,0,0,0,114.2,30,54,1.8,1
CIN,4,2001,2001-09-09,1:03,1:03,,NEW,16,1,1,Sun,W 23-17,,23,17,6,40,18,27,66.7,196,1,0,1,8,100.2,33,157,4.76,1,22,38,57.9,224,2,0,4,17,92.4,21,68,3.24,0
CLE,5,2001,2001-09-09,1:02,1:02,,SEA,24,1,1,Sun,L 6-9,,6,9,-3,15,17,33,51.5,149,0,1,3,27,51.2,25,90,3.6,0,20,34,58.8,150,0,2,4,28,45.0,27,101,3.74,0
IND,6,2001,2001-09-09,1:03,1:03,@,NYJ,18,1,1,Sun,W 45-24,,45,24,21,69,22,32,68.8,222,2,2,1,9,83.1,30,154,5.13,2,18,31,58.1,192,2,0,1,7,97.8,29,138,4.76,1
DAL,8,2001,2001-09-09,12:03,12:03,,TAM,25,1,1,Sun,L 6-10,,6,10,-4,16,9,19,47.4,28,0,2,2,6,14.5,23,99,4.3,0,25,34,73.5,192,0,1,2,3,74.6,33,71,2.15,1
DET,10,2001,2001-09-09,12:02,12:02,@,GNB,11,1,1,Sun,L 6-28,,6,28,-22,34,20,39,51.3,232,0,2,7,44,48.2,20,56,2.8,0,22,28,78.6,245,2,0,3,15,126.9,29,179,6.17,2
GNB,11,2001,2001-09-09,12:02,12:02,,DET,10,1,1,Sun,W 28-6,,28,6,22,34,22,28,78.6,245,2,0,3,15,126.9,29,179,6.17,2,20,39,51.3,232,0,2,7,44,48.2,20,56,2.8,0
JAX,30,2001,2001-09-09,1:05,1:05,,PIT,21,1,1,Sun,W 21-3,,21,3,18,24,15,26,57.7,198,3,0,1,0,120.4,29,101,3.48,0,21,37,56.8,161,0,2,3,20,45.0,28,120,4.29,0
KAN,12,2001,2001-09-09,12:01,12:01,,OAK,27,1,1,Sun,L 24-27,,24,27,-3,51,16,37,43.2,219,1,1,1,3,60.5,17,35,2.06,1,31,46,67.4,327,2,1,2,14,93.3,28,100,3.57,0
MIA,13,2001,2001-09-09,8:36,7:36,@,TEN,19,1,1,Sun,W 31-23,,31,23,8,54,12,20,60.0,225,2,0,0,0,132.3,33,82,2.48,1,16,40,40.0,210,2,3,2,18,42.7,25,105,4.2,0
MIN,14,2001,2001-09-09,1:00,12:00,,CAR,29,1,1,Sun,L 13-24,,13,24,-11,37,22,38,57.9,234,1,3,1,2,51.9,26,109,4.19,1,13,22,59.1,200,1,1,2,23,85.4,38,91,2.39,1
NOR,15,2001,2001-09-09,1:05,1:05,@,BUF,2,1,1,Sun,W 24-6,,24,6,18,30,18,30,60.0,192,3,0,2,17,112.1,26,109,4.19,0,16,28,57.1,126,0,3,5,34,28.9,28,125,4.46,0
NEW,16,2001,2001-09-09,1:03,1:03,@,CIN,4,1,1,Sun,L 17-23,,17,23,-6,40,22,38,57.9,224,2,0,4,17,92.4,21,68,3.24,0,18,27,66.7,196,1,0,1,8,100.2,33,157,4.76,1
NYJ,18,2001,2001-09-09,1:03,1:03,,IND,6,1,1,Sun,L 24-45,,24,45,-21,69,18,31,58.1,192,2,0,1,7,97.8,29,138,4.76,1,22,32,68.8,222,2,2,1,9,83.1,30,154,5.13,2
TEN,19,2001,2001-09-09,8:36,7:36,,MIA,13,1,1,Sun,L 23-31,,23,31,-8,54,16,40,40.0,210,2,3,2,18,42.7,25,105,4.2,0,12,20,60.0,225,2,0,0,0,132.3,33,82,2.48,1
PHI,20,2001,2001-09-09,4:16,4:16,,LAR,22,1,1,Sun,L 17-20,OT,17,20,-3,37,32,48,66.7,277,2,1,5,35,86.9,18,57,3.17,0,28,42,66.7,282,1,2,4,26,73.7,23,82,3.57,1
PIT,21,2001,2001-09-09,1:05,1:05,@,JAX,30,1,1,Sun,L 3-21,,3,21,-18,24,21,37,56.8,161,0,2,3,20,45.0,28,120,4.29,0,15,26,57.7,198,3,0,1,0,120.4,29,101,3.48,0
OAK,27,2001,2001-09-09,12:01,12:01,@,KAN,12,1,1,Sun,W 27-24,,27,24,3,51,31,46,67.4,327,2,1,2,14,93.3,28,100,3.57,0,16,37,43.2,219,1,1,1,3,60.5,17,35,2.06,1
LAR,22,2001,2001-09-09,4:16,4:16,@,PHI,20,1,1,Sun,W 20-17,OT,20,17,3,37,28,42,66.7,282,1,2,4,26,73.7,23,82,3.57,1,32,48,66.7,277,2,1,5,35,86.9,18,57,3.17,0
BAL,31,2001,2001-09-09,1:02,1:02,,CHI,3,1,1,Sun,W 17-6,,17,6,11,23,24,30,80.0,262,1,0,0,0,114.2,30,54,1.8,1,24,39,61.5,133,0,2,1,5,46.2,28,56,2.0,0
LAC,23,2001,2001-09-09,4:15,1:15,,WAS,26,1,1,Sun,W 30-3,,30,3,27,33,10,18,55.6,122,0,2,1,7,37.0,46,133,2.89,2,15,32,46.9,117,0,2,1,2,30.3,19,44,2.32,0
SEA,24,2001,2001-09-09,1:02,1:02,@,CLE,5,1,1,Sun,W 9-6,,9,6,3,15,20,34,58.8,150,0,2,4,28,45.0,27,101,3.74,0,17,33,51.5,149,0,1,3,27,51.2,25,90,3.6,0
SFO,28,2001,2001-09-09,1:15,1:15,,ATL,1,1,1,Sun,W 16-13,OT,16,13,3,29,26,40,65.0,324,1,1,2,11,87.9,28,105,3.75,0,11,22,50.0,107,0,0,2,14,64.0,31,134,4.32,1
TAM,25,2001,2001-09-09,12:03,12:03,@,DAL,8,1,1,Sun,W 10-6,,10,6,4,16,25,34,73.5,192,0,1,2,3,74.6,33,71,2.15,1,9,19,47.4,28,0,2,2,6,14.5,23,99,4.3,0
WAS,26,2001,2001-09-09,4:15,1:15,@,LAC,23,1,1,Sun,L 3-30,,3,30,-27,33,15,32,46.9,117,0,2,1,2,30.3,19,44,2.32,0,10,18,55.6,122,0,2,1,7,37.0,46,133,2.89,2
DEN,9,2001,2001-09-10,7:07,7:07,,NYG,17,1,1,Mon,W 31-20,,31,20,11,51,21,29,72.4,330,3,0,0,0,144.3,36,143,3.97,1,19,34,55.9,245,3,0,3,13,108.1,19,63,3.32,0
NYG,17,2001,2001-09-10,7:07,7:07,@,DEN,9,1,1,Mon,L 20-31,,20,31,-11,51,19,34,55.9,245,3,0,3,13,108.1,19,63,3.32,0,21,29,72.4,330,3,0,0,0,144.3,36,143,3.97,1
ATL,1,2001,2001-09-23,1:12,1:12,,CAR,29,2,2,Sun,W 24-16,,24,16,8,40,13,16,81.3,256,2,1,2,15,132.3,28,121,4.32,1,27,41,65.9,270,0,0,2,6,84.4,21,89,4.24,1
BUF,2,2001,2001-09-23,1:00,12:00,@,IND,6,2,2,Sun,L 26-42,,26,42,-16,68,24,37,64.9,229,1,1,4,28,79.7,22,145,6.59,1,23,29,79.3,418,4,2,1,3,129.6,30,137,4.57,2
CAR,29,2001,2001-09-23,1:12,1:12,@,ATL,1,2,2,Sun,L 16-24,,16,24,-8,40,27,41,65.9,270,0,0,2,6,84.4,21,89,4.24,1,13,16,81.3,256,2,1,2,15,132.3,28,121,4.32,1
CHI,3,2001,2001-09-23,12:12,12:12,,MIN,14,2,2,Sun,W 17-10,,17,10,7,27,23,38,60.5,237,2,1,0,0,85.1,19,47,2.47,0,24,37,64.9,215,1,0,3,18,89.4,25,104,4.16,0
CIN,4,2001,2001-09-23,1:11,1:11,,BAL,31,2,2,Sun,W 21-10,,21,10,11,31,19,30,63.3,136,1,0,2,18,84.9,23,67,2.91,1,34,64,53.1,318,1,3,2,11,52.7,20,64,3.2,0
CLE,5,2001,2001-09-23,1:13,1:13,,DET,10,2,2,Sun,W 24-14,,24,14,10,38,12,20,60.0,118,3,2,3,20,76.7,37,139,3.76,0,22,42,52.4,189,1,7,3,23,32.8,20,82,4.1,0
IND,6,2001,2001-09-23,1:00,12:00,,BUF,2,2,2,Sun,W 42-26,,42,26,16,68,23,29,79.3,418,4,2,1,3,129.6,30,137,4.57,2,24,37,64.9,229,1,1,4,28,79.7,22,145,6.59,1
ARI,7,2001,2001-09-23,8:37,5:37,,DEN,9,2,1,Sun,L 17-38,,17,38,-21,55,16,28,57.1,224,1,1,3,18,80.1,18,84,4.67,1,22,31,71.0,234,3,0,1,8,124.9,37,147,3.97,1
DAL,8,2001,2001-09-23,1:12,12:12,,LAC,23,2,2,Sun,L 21-32,,21,32,-11,53,12,25,48.0,188,3,3,1,5,73.4,26,101,3.88,0,23,38,60.5,345,2,0,1,3,107.9,38,130,3.42,1
DEN,9,2001,2001-09-23,8:37,5:37,@,ARI,7,2,2,Sun,W 38-17,,38,17,21,55,22,31,71.0,234,3,0,1,8,124.9,37,147,3.97,1,16,28,57.1,224,1,1,3,18,80.1,18,84,4.67,1
DET,10,2001,2001-09-23,1:13,1:13,@,CLE,5,2,2,Sun,L 14-24,,14,24,-10,38,22,42,52.4,189,1,7,3,23,32.8,20,82,4.1,0,12,20,60.0,118,3,2,3,20,76.7,37,139,3.76,0
JAX,30,2001,2001-09-23,1:10,1:10,,TEN,19,2,2,Sun,W 13-6,,13,6,7,19,17,27,63.0,210,0,0,3,25,87.0,30,119,3.97,1,21,36,58.3,177,0,0,4,38,71.2,22,87,3.95,0
KAN,12,2001,2001-09-23,12:00,12:00,,NYG,17,2,2,Sun,L 3-13,,3,13,-10,16,17,34,50.0,178,0,1,1,6,53.3,20,88,4.4,0,20,34,58.8,201,0,3,1,7,39.0,31,98,3.16,1
MIA,13,2001,2001-09-23,1:10,1:10,,OAK,27,2,2,Sun,W 18-15,,18,15,3,33,16,34,47.1,215,0,2,1,2,43.1,34,144,4.24,2,14,25,56.0,120,0,0,1,5,68.7,26,96,3.69,0
MIN,14,2001,2001-09-23,12:12,12:12,@,CHI,3,2,2,Sun,L 10-17,,10,17,-7,27,24,37,64.9,215,1,0,3,18,89.4,25,104,4.16,0,23,38,60.5,237,2,1,0,0,85.1,19,47,2.47,0
NEW,16,2001,2001-09-23,4:15,4:15,,NYJ,18,2,2,Sun,L 3-10,,3,10,-7,13,23,38,60.5,201,0,2,1,4,52.6,26,107,4.12,0,16,28,57.1,127,0,0,2,10,68.6,27,111,4.11,1
NYG,17,2001,2001-09-23,12:00,12:00,@,KAN,12,2,2,Sun,W 13-3,,13,3,10,16,20,34,58.8,201,0,3,1,7,39.0,31,98,3.16,1,17,34,50.0,178,0,1,1,6,53.3,20,88,4.4,0
NYJ,18,2001,2001-09-23,4:15,4:15,@,NEW,16,2,2,Sun,W 10-3,,10,3,7,13,16,28,57.1,127,0,0,2,10,68.6,27,111,4.11,1,23,38,60.5,201,0,2,1,4,52.6,26,107,4.12,0
TEN,19,2001,2001-09-23,1:10,1:10,@,JAX,30,2,2,Sun,L 6-13,,6,13,-7,19,21,36,58.3,177,0,0,4,38,71.2,22,87,3.95,0,17,27,63.0,210,0,0,3,25,87.0,30,119,3.97,1
PHI,20,2001,2001-09-23,4:27,1:27,@,SEA,24,2,2,Sun,W 27-3,,27,3,24,30,24,37,64.9,242,2,0,5,41,101.4,31,102,3.29,1,9,24,37.5,21,0,0,7,41,45.8,26,126,4.85,0
OAK,27,2001,2001-09-23,1:10,1:10,@,MIA,13,2,2,Sun,L 15-18,,15,18,-3,33,14,25,56.0,120,0,0,1,5,68.7,26,96,3.69,0,16,34,47.1,215,0,2,1,2,43.1,34,144,4.24,2
LAR,22,2001,2001-09-23,4:29,1:29,@,SFO,28,2,2,Sun,W 30-26,,30,26,4,56,24,35,68.6,310,3,1,1,11,112.8,25,115,4.6,0,19,34,55.9,116,1,1,1,5,60.4,25,116,4.64,2
BAL,31,2001,2001-09-23,1:11,1:11,@,CIN,4,2,2,Sun,L 10-21,,10,21,-11,31,34,64,53.1,318,1,3,2,11,52.7,20,64,3.2,0,19,30,63.3,136,1,0,2,18,84.9,23,67,2.91,1
LAC,23,2001,2001-09-23,1:12,12:12,@,DAL,8,2,2,Sun,W 32-21,,32,21,11,53,23,38,60.5,345,2,0,1,3,107.9,38,130,3.42,1,12,25,48.0,188,3,3,1,5,73.4,26,101,3.88,0
SEA,24,2001,2001-09-23,4:27,1:27,,PHI,20,2,2,Sun,L 3-27,,3,27,-24,30,9,24,37.5,21,0,0,7,41,45.8,26,126,4.85,0,24,37,64.9,242,2,0,5,41,101.4,31,102,3.29,1
SFO,28,2001,2001-09-23,4:29,1:29,,LAR,22,2,2,Sun,L 26-30,,26,30,-4,56,19,34,55.9,116,1,1,1,5,60.4,25,116,4.64,2,24,35,68.6,310,3,1,1,11,112.8,25,115,4.6,0
GNB,11,2001,2001-09-24,9:08,8:08,,WAS,26,2,2,Mon,W 37-0,,37,0,37,37,20,31,64.5,226,3,1,1,10,105.0,40,160,4.0,0,15,24,62.5,66,0,1,5,36,49.3,15,71,4.73,0
WAS,26,2001,2001-09-24,9:08,8:08,@,GNB,11,2,2,Mon,L 0-37,,0,37,-37,37,15,24,62.5,66,0,1,5,36,49.3,15,71,4.73,0,20,31,64.5,226,3,1,1,10,105.0,40,160,4.0,0
ATL,1,2001,2001-09-30,4:05,1:05,@,ARI,7,3,3,Sun,W 34-14,,34,14,20,48,20,28,71.4,268,3,0,2,18,137.2,34,111,3.26,1,23,35,65.7,245,1,3,4,31,59.8,15,90,6.0,1
BUF,2,2001,2001-09-30,1:03,1:03,,PIT,21,3,3,Sun,L 3-20,,3,20,-17,23,16,27,59.3,120,0,1,4,28,54.6,22,52,2.36,0,15,22,68.2,100,0,0,2,7,77.8,31,170,5.48,1
CAR,29,2001,2001-09-30,1:03,1:03,,GNB,11,3,3,Sun,L 7-28,,7,28,-21,35,18,30,60.0,133,1,1,3,27,67.8,17,36,2.12,0,25,39,64.1,308,3,2,0,0,92.7,31,75,2.42,0
CIN,4,2001,2001-09-30,4:15,1:15,@,LAC,23,3,3,Sun,L 14-28,,14,28,-14,42,18,32,56.3,126,2,3,2,9,47.1,26,111,4.27,0,12,19,63.2,112,1,0,2,21,96.8,35,133,3.8,3
CLE,5,2001,2001-09-30,4:15,4:15,@,JAX,30,3,3,Sun,W 23-14,,23,14,9,37,24,34,70.6,226,0,1,3,23,76.3,36,95,2.64,1,19,37,51.4,161,1,2,2,9,49.5,19,98,5.16,0
IND,6,2001,2001-09-30,1:03,1:03,@,NEW,16,3,3,Sun,L 13-44,,13,44,-31,57,25,43,58.1,240,1,3,3,13,52.5,24,82,3.42,1,13,23,56.5,159,0,0,1,9,78.0,39,177,4.54,3
ARI,7,2001,2001-09-30,4:05,1:05,,ATL,1,3,2,Sun,L 14-34,,14,34,-20,48,23,35,65.7,245,1,3,4,31,59.8,15,90,6.0,1,20,28,71.4,268,3,0,2,18,137.2,34,111,3.26,1
DAL,8,2001,2001-09-30,8:38,8:38,@,PHI,20,3,3,Sun,L 18-40,,18,40,-22,58,11,30,36.7,61,2,1,2,16,53.5,30,181,6.03,0,14,28,50.0,145,3,0,2,17,101.0,30,131,4.37,1
DEN,9,2001,2001-09-30,4:15,2:15,,BAL,31,3,3,Sun,L 13-20,,13,20,-7,33,17,33,51.5,167,1,2,5,24,50.9,24,61,2.54,0,17,30,56.7,221,2,1,0,0,88.3,34,112,3.29,0
GNB,11,2001,2001-09-30,1:03,1:03,@,CAR,29,3,3,Sun,W 28-7,,28,7,21,35,25,39,64.1,308,3,2,0,0,92.7,31,75,2.42,0,18,30,60.0,133,1,1,3,27,67.8,17,36,2.12,0
JAX,30,2001,2001-09-30,4:15,4:15,,CLE,5,3,3,Sun,L 14-23,,14,23,-9,37,19,37,51.4,161,1,2,2,9,49.5,19,98,5.16,0,24,34,70.6,226,0,1,3,23,76.3,36,95,2.64,1
KAN,12,2001,2001-09-30,1:01,1:01,@,WAS,26,3,3,Sun,W 45-13,,45,13,32,58,24,30,80.0,346,3,0,1,1,148.1,38,200,5.26,3,11,27,40.7,107,1,1,1,9,49.5,20,111,5.55,0
MIA,13,2001,2001-09-30,12:03,12:03,@,LAR,22,3,3,Sun,L 10-42,,10,42,-32,52,19,27,70.4,189,1,2,2,15,71.4,25,64,2.56,0,24,31,77.4,318,4,0,1,10,148.9,27,123,4.56,2
MIN,14,2001,2001-09-30,1:00,12:00,,TAM,25,3,3,Sun,W 20-16,,20,16,4,36,30,44,68.2,312,1,2,1,10,77.1,24,90,3.75,1,20,34,58.8,223,0,1,1,1,66.2,16,108,6.75,1
NOR,15,2001,2001-09-30,1:06,1:06,@,NYG,17,3,2,Sun,L 13-21,,13,21,-8,34,28,54,51.9,256,1,1,4,35,63.5,22,74,3.36,0,9,18,50.0,100,1,0,5,35,85.4,28,153,5.46,2
NEW,16,2001,2001-09-30,1:03,1:03,,IND,6,3,3,Sun,W 44-13,,44,13,31,57,13,23,56.5,159,0,0,1,9,78.0,39,177,4.54,3,25,43,58.1,240,1,3,3,13,52.5,24,82,3.42,1
NYG,17,2001,2001-09-30,1:06,1:06,,NOR,15,3,3,Sun,W 21-13,,21,13,8,34,9,18,50.0,100,1,0,5,35,85.4,28,153,5.46,2,28,54,51.9,256,1,1,4,35,63.5,22,74,3.36,0
PHI,20,2001,2001-09-30,8:38,8:38,,DAL,8,3,3,Sun,W 40-18,,40,18,22,58,14,28,50.0,145,3,0,2,17,101.0,30,131,4.37,1,11,30,36.7,61,2,1,2,16,53.5,30,181,6.03,0
PIT,21,2001,2001-09-30,1:03,1:03,@,BUF,2,3,2,Sun,W 20-3,,20,3,17,23,15,22,68.2,100,0,0,2,7,77.8,31,170,5.48,1,16,27,59.3,120,0,1,4,28,54.6,22,52,2.36,0
OAK,27,2001,2001-09-30,4:10,1:10,,SEA,24,3,3,Sun,W 38-14,,38,14,24,52,22,32,68.8,251,3,0,1,0,123.3,25,93,3.72,1,25,47,53.2,306,1,1,7,37,71.8,16,42,2.63,1
LAR,22,2001,2001-09-30,12:03,12:03,,MIA,13,3,3,Sun,W 42-10,,42,10,32,52,24,31,77.4,318,4,0,1,10,148.9,27,123,4.56,2,19,27,70.4,189,1,2,2,15,71.4,25,64,2.56,0
BAL,31,2001,2001-09-30,4:15,2:15,@,DEN,9,3,3,Sun,W 20-13,,20,13,7,33,17,30,56.7,221,2,1,0,0,88.3,34,112,3.29,0,17,33,51.5,167,1,2,5,24,50.9,24,61,2.54,0
LAC,23,2001,2001-09-30,4:15,1:15,,CIN,4,3,3,Sun,W 28-14,,28,14,14,42,12,19,63.2,112,1,0,2,21,96.8,35,133,3.8,3,18,32,56.3,126,2,3,2,9,47.1,26,111,4.27,0
SEA,24,2001,2001-09-30,4:10,1:10,@,OAK,27,3,3,Sun,L 14-38,,14,38,-24,52,25,47,53.2,306,1,1,7,37,71.8,16,42,2.63,1,22,32,68.8,251,3,0,1,0,123.3,25,93,3.72,1
TAM,25,2001,2001-09-30,1:00,12:00,@,MIN,14,3,2,Sun,L 16-20,,16,20,-4,36,20,34,58.8,223,0,1,1,1,66.2,16,108,6.75,1,30,44,68.2,312,1,2,1,10,77.1,24,90,3.75,1
WAS,26,2001,2001-09-30,1:01,1:01,,KAN,12,3,3,Sun,L 13-45,,13,45,-32,58,11,27,40.7,107,1,1,1,9,49.5,20,111,5.55,0,24,30,80.0,346,3,0,1,1,148.1,38,200,5.26,3
NYJ,18,2001,2001-10-01,9:10,9:10,,SFO,28,3,3,Mon,L 17-19,,17,19,-2,36,12,25,48.0,186,0,0,2,16,73.1,23,82,3.57,2,16,20,80.0,126,1,0,2,15,109.6,43,233,5.42,0
SFO,28,2001,2001-10-01,9:10,9:10,@,NYJ,18,3,3,Mon,W 19-17,,19,17,2,36,16,20,80.0,126,1,0,2,15,109.6,43,233,5.42,0,12,25,48.0,186,0,0,2,16,73.1,23,82,3.57,2
ATL,1,2001,2001-10-07,1:05,1:05,,CHI,3,4,4,Sun,L 3-31,,3,31,-28,34,19,30,63.3,232,0,3,6,29,47.5,25,103,4.12,0,18,27,66.7,221,2,2,1,9,85.6,24,79,3.29,1
BUF,2,2001,2001-10-07,4:05,4:05,,NYJ,18,4,4,Sun,L 36-42,,36,42,-6,78,26,45,57.8,311,4,2,2,14,90.1,32,162,5.06,1,15,25,60.0,173,2,0,0,0,107.6,32,162,5.06,2
CAR,29,2001,2001-10-07,8:38,5:38,@,SFO,28,4,4,Sun,L 14-24,,14,24,-10,38,29,47,61.7,275,1,3,1,0,58.4,16,61,3.81,0,17,31,54.8,203,2,1,1,9,83.1,35,150,4.29,1
CHI,3,2001,2001-10-07,1:05,1:05,@,ATL,1,4,3,Sun,W 31-3,,31,3,28,34,18,27,66.7,221,2,2,1,9,85.6,24,79,3.29,1,19,30,63.3,232,0,3,6,29,47.5,25,103,4.12,0
CIN,4,2001,2001-10-07,1:02,1:02,@,PIT,21,4,4,Sun,L 7-16,,7,16,-9,23,19,34,55.9,149,1,1,2,15,64.5,21,65,3.1,0,15,24,62.5,138,0,0,2,13,78.1,40,275,6.88,1
CLE,5,2001,2001-10-07,1:02,1:02,,LAC,23,4,4,Sun,W 20-16,,20,16,4,36,14,27,51.9,181,1,0,4,22,85.6,31,97,3.13,1,17,37,45.9,143,0,0,1,6,56.5,26,126,4.85,1
ARI,7,2001,2001-10-07,1:09,1:09,@,PHI,20,4,3,Sun,W 21-20,,21,20,1,41,18,32,56.3,232,2,1,1,6,87.0,28,97,3.46,0,19,29,65.5,261,2,1,2,19,102.8,30,179,5.97,0
DAL,8,2001,2001-10-07,1:15,1:15,@,OAK,27,4,4,Sun,L 21-28,,21,28,-7,49,15,27,55.6,123,2,0,1,7,92.1,30,108,3.6,1,21,28,75.0,207,1,0,1,2,107.3,34,101,2.97,3
DEN,9,2001,2001-10-07,2:05,2:05,,KAN,12,4,4,Sun,W 20-6,,20,6,14,26,11,20,55.0,103,1,1,2,18,65.2,39,197,5.05,1,25,40,62.5,255,0,4,4,28,41.1,17,42,2.47,0
GNB,11,2001,2001-10-07,4:15,4:15,@,TAM,25,4,4,Sun,L 10-14,,10,14,-4,24,20,35,57.1,253,1,3,1,5,53.6,22,69,3.14,0,23,29,79.3,154,0,0,5,30,88.8,19,99,5.21,1
JAX,30,2001,2001-10-07,4:05,1:05,@,SEA,24,4,4,Sun,L 15-24,,15,24,-9,39,21,39,53.8,199,1,0,3,34,76.8,21,57,2.71,0,15,23,65.2,210,1,1,2,9,90.9,36,185,5.14,2
KAN,12,2001,2001-10-07,2:05,2:05,@,DEN,9,4,4,Sun,L 6-20,,6,20,-14,26,25,40,62.5,255,0,4,4,28,41.1,17,42,2.47,0,11,20,55.0,103,1,1,2,18,65.2,39,197,5.05,1
MIA,13,2001,2001-10-07,1:03,1:03,,NEW,16,4,4,Sun,W 30-10,,30,10,20,40,11,21,52.4,87,1,1,0,0,59.0,44,209,4.75,1,12,24,50.0,69,0,0,4,17,56.2,23,80,3.48,1
MIN,14,2001,2001-10-07,12:05,12:05,@,NOR,15,4,4,Sun,L 15-28,,15,28,-13,43,23,34,67.6,306,2,1,6,26,103.3,11,34,3.09,0,15,30,50.0,210,0,1,0,0,59.0,37,160,4.32,1
NOR,15,2001,2001-10-07,12:05,12:05,,MIN,14,4,3,Sun,W 28-15,,28,15,13,43,15,30,50.0,210,0,1,0,0,59.0,37,160,4.32,1,23,34,67.6,306,2,1,6,26,103.3,11,34,3.09,0
NEW,16,2001,2001-10-07,1:03,1:03,@,MIA,13,4,4,Sun,L 10-30,,10,30,-20,40,12,24,50.0,69,0,0,4,17,56.2,23,80,3.48,1,11,21,52.4,87,1,1,0,0,59.0,44,209,4.75,1
NYG,17,2001,2001-10-07,1:04,1:04,,WAS,26,4,4,Sun,W 23-9,,23,9,14,32,15,29,51.7,167,1,2,1,10,51.9,46,142,3.09,0,13,31,41.9,124,0,2,4,27,26.8,17,57,3.35,0
NYJ,18,2001,2001-10-07,4:05,4:05,@,BUF,2,4,4,Sun,W 42-36,,42,36,6,78,15,25,60.0,173,2,0,0,0,107.6,32,162,5.06,2,26,45,57.8,311,4,2,2,14,90.1,32,162,5.06,1
TEN,19,2001,2001-10-07,1:02,1:02,@,BAL,31,4,3,Sun,L 7-26,,7,26,-19,33,17,33,51.5,138,0,2,3,16,37.2,17,47,2.76,0,15,31,48.4,253,1,0,1,6,87.2,40,207,5.18,2
PHI,20,2001,2001-10-07,1:09,1:09,,ARI,7,4,4,Sun,L 20-21,,20,21,-1,41,19,29,65.5,261,2,1,2,19,102.8,30,179,5.97,0,18,32,56.3,232,2,1,1,6,87.0,28,97,3.46,0
PIT,21,2001,2001-10-07,1:02,1:02,,CIN,4,4,3,Sun,W 16-7,,16,7,9,23,15,24,62.5,138,0,0,2,13,78.1,40,275,6.88,1,19,34,55.9,149,1,1,2,15,64.5,21,65,3.1,0
OAK,27,2001,2001-10-07,1:15,1:15,,DAL,8,4,4,Sun,W 28-21,,28,21,7,49,21,28,75.0,207,1,0,1,2,107.3,34,101,2.97,3,15,27,55.6,123,2,0,1,7,92.1,30,108,3.6,1
BAL,31,2001,2001-10-07,1:02,1:02,,TEN,19,4,4,Sun,W 26-7,,26,7,19,33,15,31,48.4,253,1,0,1,6,87.2,40,207,5.18,2,17,33,51.5,138,0,2,3,16,37.2,17,47,2.76,0
LAC,23,2001,2001-10-07,1:02,1:02,@,CLE,5,4,4,Sun,L 16-20,,16,20,-4,36,17,37,45.9,143,0,0,1,6,56.5,26,126,4.85,1,14,27,51.9,181,1,0,4,22,85.6,31,97,3.13,1
SEA,24,2001,2001-10-07,4:05,1:05,,JAX,30,4,4,Sun,W 24-15,,24,15,9,39,15,23,65.2,210,1,1,2,9,90.9,36,185,5.14,2,21,39,53.8,199,1,0,3,34,76.8,21,57,2.71,0
SFO,28,2001,2001-10-07,8:38,5:38,,CAR,29,4,4,Sun,W 24-14,,24,14,10,38,17,31,54.8,203,2,1,1,9,83.1,35,150,4.29,1,29,47,61.7,275,1,3,1,0,58.4,16,61,3.81,0
TAM,25,2001,2001-10-07,4:15,4:15,,GNB,11,4,3,Sun,W 14-10,,14,10,4,24,23,29,79.3,154,0,0,5,30,88.8,19,99,5.21,1,20,35,57.1,253,1,3,1,5,53.6,22,69,3.14,0
WAS,26,2001,2001-10-07,1:04,1:04,@,NYG,17,4,4,Sun,L 9-23,,9,23,-14,32,13,31,41.9,124,0,2,4,27,26.8,17,57,3.35,0,15,29,51.7,167,1,2,1,10,51.9,46,142,3.09,0
DET,10,2001,2001-10-08,9:07,9:07,,LAR,22,4,3,Mon,L 0-35,,0,35,-35,35,26,34,76.5,229,0,2,6,33,69.4,18,105,5.83,0,29,37,78.4,284,3,0,1,7,125.7,21,94,4.48,1
LAR,22,2001,2001-10-08,9:07,9:07,@,DET,10,4,4,Mon,W 35-0,,35,0,35,35,29,37,78.4,284,3,0,1,7,125.7,21,94,4.48,1,26,34,76.5,229,0,2,6,33,69.4,18,105,5.83,0
ATL,1,2001,2001-10-14,1:04,1:04,,SFO,28,5,5,Sun,L 31-37,OT,31,37,-6,68,19,36,52.8,254,2,1,2,14,82.4,24,88,3.67,1,27,41,65.9,330,3,0,1,2,114.9,35,187,5.34,2
CAR,29,2001,2001-10-14,1:02,1:02,,NOR,15,5,5,Sun,L 25-27,,25,27,-2,52,21,39,53.8,184,2,1,1,12,73.0,20,34,1.7,0,14,40,35.0,160,2,1,2,20,54.2,39,198,5.08,1
CHI,3,2001,2001-10-14,12:03,12:03,,ARI,7,5,4,Sun,W 20-13,,20,13,7,33,15,21,71.4,116,0,2,0,0,45.0,32,137,4.28,1,20,37,54.1,206,1,0,1,10,79.3,25,82,3.28,0
CIN,4,2001,2001-10-14,1:02,1:02,,CLE,5,5,5,Sun,W 24-14,,24,14,10,38,20,38,52.6,201,1,0,0,0,76.8,42,199,4.74,1,14,28,50.0,171,2,0,3,23,93.0,19,40,2.11,0
CLE,5,2001,2001-10-14,1:02,1:02,@,CIN,4,5,5,Sun,L 14-24,,14,24,-10,38,14,28,50.0,171,2,0,3,23,93.0,19,40,2.11,0,20,38,52.6,201,1,0,0,0,76.8,42,199,4.74,1
IND,6,2001,2001-10-14,8:30,7:30,,OAK,27,5,4,Sun,L 18-23,,18,23,-5,41,26,41,63.4,234,2,2,1,7,74.6,27,118,4.37,0,18,32,56.3,216,0,0,3,27,77.1,30,101,3.37,1
ARI,7,2001,2001-10-14,12:03,12:03,@,CHI,3,5,4,Sun,L 13-20,,13,20,-7,33,20,37,54.1,206,1,0,1,10,79.3,25,82,3.28,0,15,21,71.4,116,0,2,0,0,45.0,32,137,4.28,1
DEN,9,2001,2001-10-14,4:16,1:16,@,SEA,24,5,5,Sun,L 21-34,,21,34,-13,55,24,36,66.7,189,2,3,3,20,63.3,20,92,4.6,0,12,18,66.7,93,0,0,2,17,79.2,40,161,4.03,2
DET,10,2001,2001-10-14,1:00,12:00,@,MIN,14,5,4,Sun,L 26-31,,26,31,-5,57,31,41,75.6,328,3,0,4,17,122.8,20,129,6.45,0,20,27,74.1,198,1,1,6,46,91.3,27,145,5.37,3
GNB,11,2001,2001-10-14,1:02,12:02,,BAL,31,5,5,Sun,W 31-23,,31,23,8,54,27,34,79.4,331,3,0,2,6,136.6,24,60,2.5,1,16,31,51.6,199,1,2,1,9,55.7,34,158,4.65,2
KAN,12,2001,2001-10-14,12:00,12:00,,PIT,21,5,5,Sun,L 17-20,,17,20,-3,37,16,33,48.5,106,0,1,4,21,43.2,24,165,6.88,2,15,25,60.0,113,1,0,3,28,84.2,35,203,5.8,0
MIA,13,2001,2001-10-14,4:15,4:15,@,NYJ,18,5,5,Sun,L 17-21,,17,21,-4,38,24,35,68.6,233,1,2,2,8,72.7,29,115,3.97,1,15,22,68.2,140,2,0,3,28,115.7,25,128,5.12,1
MIN,14,2001,2001-10-14,1:00,12:00,,DET,10,5,5,Sun,W 31-26,,31,26,5,57,20,27,74.1,198,1,1,6,46,91.3,27,145,5.37,3,31,41,75.6,328,3,0,4,17,122.8,20,129,6.45,0
NOR,15,2001,2001-10-14,1:02,1:02,@,CAR,29,5,4,Sun,W 27-25,,27,25,2,52,14,40,35.0,160,2,1,2,20,54.2,39,198,5.08,1,21,39,53.8,184,2,1,1,12,73.0,20,34,1.7,0
NEW,16,2001,2001-10-14,1:03,1:03,,LAC,23,5,5,Sun,W 29-26,OT,29,26,3,55,33,54,61.1,345,2,0,3,19,92.0,24,29,1.21,1,20,32,62.5,258,1,0,1,12,98.2,28,85,3.04,1
NYG,17,2001,2001-10-14,12:02,12:02,@,LAR,22,5,5,Sun,L 14-15,,14,15,-1,29,17,32,53.1,227,1,2,3,15,60.3,24,97,4.04,1,28,46,60.9,274,0,1,6,42,68.6,16,41,2.56,1
NYJ,18,2001,2001-10-14,4:15,4:15,,MIA,13,5,5,Sun,W 21-17,,21,17,4,38,15,22,68.2,140,2,0,3,28,115.7,25,128,5.12,1,24,35,68.6,233,1,2,2,8,72.7,29,115,3.97,1
TEN,19,2001,2001-10-14,1:04,12:04,,TAM,25,5,4,Sun,W 31-28,OT,31,28,3,59,18,26,69.2,223,1,1,2,16,92.3,41,142,3.46,2,24,50,48.0,282,3,1,1,5,77.2,17,24,1.41,1
PIT,21,2001,2001-10-14,12:00,12:00,@,KAN,12,5,4,Sun,W 20-17,,20,17,3,37,15,25,60.0,113,1,0,3,28,84.2,35,203,5.8,0,16,33,48.5,106,0,1,4,21,43.2,24,165,6.88,2
OAK,27,2001,2001-10-14,8:30,7:30,@,IND,6,5,5,Sun,W 23-18,,23,18,5,41,18,32,56.3,216,0,0,3,27,77.1,30,101,3.37,1,26,41,63.4,234,2,2,1,7,74.6,27,118,4.37,0
LAR,22,2001,2001-10-14,12:02,12:02,,NYG,17,5,5,Sun,W 15-14,,15,14,1,29,28,46,60.9,274,0,1,6,42,68.6,16,41,2.56,1,17,32,53.1,227,1,2,3,15,60.3,24,97,4.04,1
BAL,31,2001,2001-10-14,1:02,12:02,@,GNB,11,5,5,Sun,L 23-31,,23,31,-8,54,16,31,51.6,199,1,2,1,9,55.7,34,158,4.65,2,27,34,79.4,331,3,0,2,6,136.6,24,60,2.5,1
LAC,23,2001,2001-10-14,1:03,1:03,@,NEW,16,5,5,Sun,L 26-29,OT,26,29,-3,55,20,32,62.5,258,1,0,1,12,98.2,28,85,3.04,1,33,54,61.1,345,2,0,3,19,92.0,24,29,1.21,1
SEA,24,2001,2001-10-14,4:16,1:16,,DEN,9,5,5,Sun,W 34-21,,34,21,13,55,12,18,66.7,93,0,0,2,17,79.2,40,161,4.03,2,24,36,66.7,189,2,3,3,20,63.3,20,92,4.6,0
SFO,28,2001,2001-10-14,1:04,1:04,@,ATL,1,5,5,Sun,W 37-31,OT,37,31,6,68,27,41,65.9,330,3,0,1,2,114.9,35,187,5.34,2,19,36,52.8,254,2,1,2,14,82.4,24,88,3.67,1
TAM,25,2001,2001-10-14,1:04,12:04,@,TEN,19,5,4,Sun,L 28-31,OT,28,31,-3,59,24,50,48.0,282,3,1,1,5,77.2,17,24,1.41,1,18,26,69.2,223,1,1,2,16,92.3,41,142,3.46,2
DAL,8,2001,2001-10-15,8:08,8:08,,WAS,26,5,5,Mon,W 9-7,,9,7,2,16,15,28,53.6,175,0,1,1,2,57.9,45,211,4.69,0,10,18,55.6,123,1,0,2,9,95.4,26,103,3.96,0
WAS,26,2001,2001-10-15,8:08,8:08,@,DAL,8,5,5,Mon,L 7-9,,7,9,-2,16,10,18,55.6,123,1,0,2,9,95.4,26,103,3.96,0,15,28,53.6,175,0,1,1,2,57.9,45,211,4.69,0
BUF,2,2001,2001-10-18,8:35,8:35,@,JAX,30,6,5,Thu,W 13-10,,13,10,3,23,23,30,76.7,219,1,0,2,19,107.5,35,98,2.8,0,16,26,61.5,132,1,2,4,18,55.3,21,115,5.48,0
JAX,30,2001,2001-10-18,8:35,8:35,,BUF,2,6,5,Thu,L 10-13,,10,13,-3,23,16,26,61.5,132,1,2,4,18,55.3,21,115,5.48,0,23,30,76.7,219,1,0,2,19,107.5,35,98,2.8,0
ATL,1,2001,2001-10-21,12:03,12:03,@,NOR,15,6,6,Sun,W 20-13,,20,13,7,33,15,21,71.4,173,2,1,2,12,107.8,30,124,4.13,0,23,39,59.0,213,1,1,5,36,71.8,24,63,2.63,0
CAR,29,2001,2001-10-21,1:01,1:01,@,WAS,26,6,6,Sun,L 14-17,OT,14,17,-3,31,24,35,68.6,218,1,4,1,8,55.1,25,124,4.96,1,17,30,56.7,345,1,1,1,1,94.4,28,98,3.5,0
CHI,3,2001,2001-10-21,1:02,1:02,@,CIN,4,6,5,Sun,W 24-0,,24,0,24,24,23,30,76.7,232,2,0,0,0,120.4,32,203,6.34,1,19,46,41.3,229,0,1,2,15,48.2,21,35,1.67,0
CIN,4,2001,2001-10-21,1:02,1:02,,CHI,3,6,6,Sun,L 0-24,,0,24,-24,24,19,46,41.3,229,0,1,2,15,48.2,21,35,1.67,0,23,30,76.7,232,2,0,0,0,120.4,32,203,6.34,1
CLE,5,2001,2001-10-21,1:02,1:02,,BAL,31,6,6,Sun,W 24-14,,24,14,10,38,11,18,61.1,131,2,0,2,18,120.4,29,88,3.03,1,27,45,60.0,208,1,2,7,54,60.2,27,113,4.19,0
IND,6,2001,2001-10-21,1:00,12:00,,NEW,16,6,5,Sun,L 17-38,,17,38,-21,55,22,34,64.7,305,1,0,4,30,103.2,34,179,5.26,0,17,21,81.0,262,4,0,0,0,158.2,30,123,4.1,1
ARI,7,2001,2001-10-21,4:05,1:05,,KAN,12,6,5,Sun,W 24-16,,24,16,8,40,16,25,64.0,228,1,0,0,0,106.7,37,135,3.65,2,21,44,47.7,340,1,2,1,12,62.7,20,119,5.95,0
DEN,9,2001,2001-10-21,1:05,1:05,@,LAC,23,6,6,Sun,L 10-27,,10,27,-17,37,26,41,63.4,182,1,2,4,30,61.2,21,81,3.86,0,21,32,65.6,272,2,1,3,8,100.0,32,107,3.34,0
DET,10,2001,2001-10-21,1:00,1:00,,TEN,19,6,5,Sun,L 24-27,,24,27,-3,51,25,42,59.5,322,3,1,4,16,97.5,19,41,2.16,0,16,36,44.4,227,1,2,1,10,51.5,33,102,3.09,0
GNB,11,2001,2001-10-21,3:15,3:15,@,MIN,14,6,6,Sun,L 13-35,,13,35,-22,48,21,35,60.0,160,2,1,1,9,78.3,15,74,4.93,0,18,27,66.7,177,1,0,2,7,97.3,36,200,5.56,2
KAN,12,2001,2001-10-21,4:05,1:05,@,ARI,7,6,6,Sun,L 16-24,,16,24,-8,40,21,44,47.7,340,1,2,1,12,62.7,20,119,5.95,0,16,25,64.0,228,1,0,0,0,106.7,37,135,3.65,2
MIN,14,2001,2001-10-21,3:15,3:15,,GNB,11,6,6,Sun,W 35-13,,35,13,22,48,18,27,66.7,177,1,0,2,7,97.3,36,200,5.56,2,21,35,60.0,160,2,1,1,9,78.3,15,74,4.93,0
NOR,15,2001,2001-10-21,12:03,12:03,,ATL,1,6,5,Sun,L 13-20,,13,20,-7,33,23,39,59.0,213,1,1,5,36,71.8,24,63,2.63,0,15,21,71.4,173,2,1,2,12,107.8,30,124,4.13,0
NEW,16,2001,2001-10-21,1:00,12:00,@,IND,6,6,6,Sun,W 38-17,,38,17,21,55,17,21,81.0,262,4,0,0,0,158.2,30,123,4.1,1,22,34,64.7,305,1,0,4,30,103.2,34,179,5.26,0
NYJ,18,2001,2001-10-21,1:02,1:02,,LAR,22,6,6,Sun,L 14-34,,14,34,-20,48,18,27,66.7,134,2,1,1,8,87.6,24,132,5.5,0,19,28,67.9,214,1,0,4,11,102.4,34,234,6.88,2
TEN,19,2001,2001-10-21,1:00,1:00,@,DET,10,6,5,Sun,W 27-24,,27,24,3,51,16,36,44.4,227,1,2,1,10,51.5,33,102,3.09,0,25,42,59.5,322,3,1,4,16,97.5,19,41,2.16,0
PIT,21,2001,2001-10-21,1:01,1:01,@,TAM,25,6,5,Sun,W 17-10,,17,10,7,27,11,17,64.7,124,1,2,2,8,66.4,35,220,6.29,1,24,40,60.0,214,1,1,10,69,72.3,19,64,3.37,0
LAR,22,2001,2001-10-21,1:02,1:02,@,NYJ,18,6,6,Sun,W 34-14,,34,14,20,48,19,28,67.9,214,1,0,4,11,102.4,34,234,6.88,2,18,27,66.7,134,2,1,1,8,87.6,24,132,5.5,0
BAL,31,2001,2001-10-21,1:02,1:02,@,CLE,5,6,6,Sun,L 14-24,,14,24,-10,38,27,45,60.0,208,1,2,7,54,60.2,27,113,4.19,0,11,18,61.1,131,2,0,2,18,120.4,29,88,3.03,1
LAC,23,2001,2001-10-21,1:05,1:05,,DEN,9,6,6,Sun,W 27-10,,27,10,17,37,21,32,65.6,272,2,1,3,8,100.0,32,107,3.34,0,26,41,63.4,182,1,2,4,30,61.2,21,81,3.86,0
TAM,25,2001,2001-10-21,1:01,1:01,,PIT,21,6,5,Sun,L 10-17,,10,17,-7,27,24,40,60.0,214,1,1,10,69,72.3,19,64,3.37,0,11,17,64.7,124,1,2,2,8,66.4,35,220,6.29,1
WAS,26,2001,2001-10-21,1:01,1:01,,CAR,29,6,6,Sun,W 17-14,OT,17,14,3,31,17,30,56.7,345,1,1,1,1,94.4,28,98,3.5,0,24,35,68.6,218,1,4,1,8,55.1,25,124,4.96,1
NYG,17,2001,2001-10-22,9:09,9:09,,PHI,20,6,6,Mon,L 9-10,,9,10,-1,19,21,33,63.6,142,0,0,3,20,73.0,31,96,3.1,0,15,26,57.7,124,1,1,4,30,66.8,20,91,4.55,0
PHI,20,2001,2001-10-22,9:09,9:09,@,NYG,17,6,5,Mon,W 10-9,,10,9,1,19,15,26,57.7,124,1,1,4,30,66.8,20,91,4.55,0,21,33,63.6,142,0,0,3,20,73.0,31,96,3.1,0
IND,6,2001,2001-10-25,7:30,7:30,@,KAN,12,7,6,Thu,W 35-28,,35,28,7,63,19,30,63.3,179,2,0,3,22,101.9,33,194,5.88,1,22,43,51.2,314,3,3,3,10,69.3,23,101,4.39,0
KAN,12,2001,2001-10-25,7:30,7:30,,IND,6,7,7,Thu,L 28-35,,28,35,-7,63,22,43,51.2,314,3,3,3,10,69.3,23,101,4.39,0,19,30,63.3,179,2,0,3,22,101.9,33,194,5.88,1
BUF,2,2001,2001-10-28,1:15,1:15,@,LAC,23,7,6,Sun,L 24-27,,24,27,-3,51,26,39,66.7,291,1,1,4,25,86.6,25,105,4.2,2,21,33,63.6,243,1,0,1,11,95.9,20,95,4.75,1
CAR,29,2001,2001-10-28,1:02,1:02,,NYJ,18,7,7,Sun,L 12-13,,12,13,-1,25,12,34,35.3,70,0,1,1,6,31.7,21,92,4.38,0,21,34,61.8,172,0,3,2,9,37.9,34,186,5.47,0
CHI,3,2001,2001-10-28,1:03,12:03,,SFO,28,7,6,Sun,W 37-31,OT,37,31,6,68,30,47,63.8,229,3,2,0,0,79.1,30,135,4.5,1,21,29,72.4,267,2,2,3,2,95.0,28,83,2.96,0
CIN,4,2001,2001-10-28,1:00,1:00,@,DET,10,7,7,Sun,W 31-27,,31,27,4,58,17,27,63.0,188,2,2,1,16,77.4,37,224,6.05,2,20,35,57.1,215,2,2,4,24,70.5,21,61,2.9,1
ARI,7,2001,2001-10-28,3:05,3:05,@,DAL,8,7,6,Sun,L 3-17,,3,17,-14,20,25,41,61.0,217,0,2,2,16,54.6,22,75,3.41,0,9,19,47.4,80,0,1,3,13,37.2,34,145,4.26,1
DAL,8,2001,2001-10-28,3:05,3:05,,ARI,7,7,6,Sun,W 17-3,,17,3,14,20,9,19,47.4,80,0,1,3,13,37.2,34,145,4.26,1,25,41,61.0,217,0,2,2,16,54.6,22,75,3.41,0
DEN,9,2001,2001-10-28,2:15,2:15,,NEW,16,7,7,Sun,W 31-20,,31,20,11,51,19,30,63.3,269,2,2,2,14,86.7,29,86,2.97,1,25,39,64.1,183,2,5,2,20,52.6,24,117,4.88,0
DET,10,2001,2001-10-28,1:00,1:00,,CIN,4,7,6,Sun,L 27-31,,27,31,-4,58,20,35,57.1,215,2,2,4,24,70.5,21,61,2.9,1,17,27,63.0,188,2,2,1,16,77.4,37,224,6.05,2
JAX,30,2001,2001-10-28,1:01,1:01,@,BAL,31,7,6,Sun,L 17-18,,17,18,-1,35,25,37,67.6,284,2,0,3,22,108.4,15,81,5.4,0,23,31,74.2,191,1,1,5,31,86.9,32,114,3.56,1
MIA,13,2001,2001-10-28,4:15,1:15,@,SEA,24,7,6,Sun,W 24-20,,24,20,4,44,15,21,71.4,213,1,2,0,0,80.2,34,76,2.24,1,16,28,57.1,206,2,0,4,24,104.2,30,96,3.2,0
MIN,14,2001,2001-10-28,1:01,1:01,@,TAM,25,7,7,Sun,L 14-41,,14,41,-27,55,14,26,53.8,130,1,1,4,24,64.6,18,65,3.61,1,20,28,71.4,269,2,0,1,7,125.4,43,177,4.12,3
NOR,15,2001,2001-10-28,1:02,12:02,@,LAR,22,7,6,Sun,W 34-31,,34,31,3,65,20,31,64.5,238,3,0,4,16,120.1,26,82,3.15,0,30,48,62.5,426,2,4,2,10,70.3,16,48,3.0,2
NEW,16,2001,2001-10-28,2:15,2:15,@,DEN,9,7,7,Sun,L 20-31,,20,31,-11,51,25,39,64.1,183,2,5,2,20,52.6,24,117,4.88,0,19,30,63.3,269,2,2,2,14,86.7,29,86,2.97,1
NYG,17,2001,2001-10-28,4:05,4:05,@,WAS,26,7,7,Sun,L 21-35,,21,35,-14,56,32,52,61.5,346,3,1,1,0,92.3,19,42,2.21,0,12,20,60.0,196,3,0,4,25,132.5,35,157,4.49,0
NYJ,18,2001,2001-10-28,1:02,1:02,@,CAR,29,7,7,Sun,W 13-12,,13,12,1,25,21,34,61.8,172,0,3,2,9,37.9,34,186,5.47,0,12,34,35.3,70,0,1,1,6,31.7,21,92,4.38,0
PHI,20,2001,2001-10-28,4:15,4:15,,OAK,27,7,6,Sun,L 10-20,,10,20,-10,30,12,27,44.4,117,0,0,4,16,57.2,16,78,4.88,1,17,26,65.4,152,0,0,1,6,80.9,47,202,4.3,2
OAK,27,2001,2001-10-28,4:15,4:15,@,PHI,20,7,6,Sun,W 20-10,,20,10,10,30,17,26,65.4,152,0,0,1,6,80.9,47,202,4.3,2,12,27,44.4,117,0,0,4,16,57.2,16,78,4.88,1
LAR,22,2001,2001-10-28,1:02,12:02,,NOR,15,7,7,Sun,L 31-34,,31,34,-3,65,30,48,62.5,426,2,4,2,10,70.3,16,48,3.0,2,20,31,64.5,238,3,0,4,16,120.1,26,82,3.15,0
BAL,31,2001,2001-10-28,1:01,1:01,,JAX,30,7,7,Sun,W 18-17,,18,17,1,35,23,31,74.2,191,1,1,5,31,86.9,32,114,3.56,1,25,37,67.6,284,2,0,3,22,108.4,15,81,5.4,0
LAC,23,2001,2001-10-28,1:15,1:15,,BUF,2,7,7,Sun,W 27-24,,27,24,3,51,21,33,63.6,243,1,0,1,11,95.9,20,95,4.75,1,26,39,66.7,291,1,1,4,25,86.6,25,105,4.2,2
SEA,24,2001,2001-10-28,4:15,1:15,,MIA,13,7,6,Sun,L 20-24,,20,24,-4,44,16,28,57.1,206,2,0,4,24,104.2,30,96,3.2,0,15,21,71.4,213,1,2,0,0,80.2,34,76,2.24,1
SFO,28,2001,2001-10-28,1:03,12:03,@,CHI,3,7,6,Sun,L 31-37,OT,31,37,-6,68,21,29,72.4,267,2,2,3,2,95.0,28,83,2.96,0,30,47,63.8,229,3,2,0,0,79.1,30,135,4.5,1
TAM,25,2001,2001-10-28,1:01,1:01,,MIN,14,7,6,Sun,W 41-14,,41,14,27,55,20,28,71.4,269,2,0,1,7,125.4,43,177,4.12,3,14,26,53.8,130,1,1,4,24,64.6,18,65,3.61,1
WAS,26,2001,2001-10-28,4:05,4:05,,NYG,17,7,7,Sun,W 35-21,,35,21,14,56,12,20,60.0,196,3,0,4,25,132.5,35,157,4.49,0,32,52,61.5,346,3,1,1,0,92.3,19,42,2.21,0
TEN,19,2001,2001-10-29,9:05,9:05,@,PIT,21,7,6,Mon,L 7-34,,7,34,-27,41,14,23,60.9,157,1,2,3,18,59.5,24,57,2.38,0,14,24,58.3,272,1,0,3,17,111.8,39,133,3.41,3
PIT,21,2001,2001-10-29,9:05,9:05,,TEN,19,7,6,Mon,W 34-7,,34,7,27,41,14,24,58.3,272,1,0,3,17,111.8,39,133,3.41,3,14,23,60.9,157,1,2,3,18,59.5,24,57,2.38,0
ATL,1,2001,2001-11-04,1:01,1:01,,NEW,16,8,7,Sun,L 10-24,,10,24,-14,34,10,29,34.5,104,1,1,9,47,42.9,19,140,7.37,0,21,31,67.7,236,3,0,3,14,122.5,34,135,3.97,0
BUF,2,2001,2001-11-04,1:01,1:01,,IND,6,8,7,Sun,L 14-30,,14,30,-16,44,17,33,51.5,148,1,0,6,24,73.8,21,84,4.0,0,17,27,63.0,161,1,0,4,38,91.7,37,144,3.89,2
CAR,29,2001,2001-11-04,1:01,1:01,@,MIA,13,8,8,Sun,L 6-23,,6,23,-17,29,15,33,45.5,178,0,1,4,21,49.8,20,103,5.15,0,20,33,60.6,278,1,1,1,9,85.2,29,59,2.03,0
CHI,3,2001,2001-11-04,4:15,3:15,,CLE,5,8,7,Sun,W 27-21,OT,27,21,6,48,30,50,60.0,314,2,3,5,43,66.6,32,99,3.09,1,14,23,60.9,191,2,1,3,20,98.3,23,70,3.04,0
CLE,5,2001,2001-11-04,4:15,3:15,@,CHI,3,8,7,Sun,L 21-27,OT,21,27,-6,48,14,23,60.9,191,2,1,3,20,98.3,23,70,3.04,0,30,50,60.0,314,2,3,5,43,66.6,32,99,3.09,1
IND,6,2001,2001-11-04,1:01,1:01,@,BUF,2,8,7,Sun,W 30-14,,30,14,16,44,17,27,63.0,161,1,0,4,38,91.7,37,144,3.89,2,17,33,51.5,148,1,0,6,24,73.8,21,84,4.0,0
ARI,7,2001,2001-11-04,4:05,2:05,,PHI,20,8,7,Sun,L 7-21,,7,21,-14,28,24,41,58.5,270,1,1,3,23,76.3,24,57,2.38,0,19,33,57.6,219,2,1,3,19,85.3,22,113,5.14,0
DAL,8,2001,2001-11-04,1:04,1:04,@,NYG,17,8,7,Sun,L 24-27,OT,24,27,-3,51,17,31,54.8,238,1,4,4,24,50.9,32,86,2.69,0,24,34,70.6,265,3,2,4,15,98.3,26,93,3.58,0
DET,10,2001,2001-11-04,4:05,1:05,@,SFO,28,8,7,Sun,L 13-21,,13,21,-8,34,10,25,40.0,73,0,0,3,17,47.9,21,58,2.76,0,26,35,74.3,282,3,2,2,14,102.3,35,145,4.14,0
GNB,11,2001,2001-11-04,1:02,12:02,,TAM,25,8,7,Sun,W 21-20,,21,20,1,41,16,27,59.3,168,1,2,1,12,58.9,29,184,6.34,1,18,30,60.0,133,2,0,7,44,92.8,24,61,2.54,0
JAX,30,2001,2001-11-04,1:03,12:03,@,TEN,19,8,7,Sun,L 24-28,,24,28,-4,52,21,32,65.6,239,1,1,5,22,85.3,17,70,4.12,2,27,34,79.4,216,2,0,4,25,112.7,33,146,4.42,2
KAN,12,2001,2001-11-04,4:15,1:15,@,LAC,23,8,8,Sun,W 25-20,,25,20,5,45,14,26,53.8,170,0,1,2,16,58.2,39,208,5.33,3,21,43,48.8,259,1,1,3,23,65.9,20,66,3.3,1
MIA,13,2001,2001-11-04,1:01,1:01,,CAR,29,8,7,Sun,W 23-6,,23,6,17,29,20,33,60.6,278,1,1,1,9,85.2,29,59,2.03,0,15,33,45.5,178,0,1,4,21,49.8,20,103,5.15,0
NOR,15,2001,2001-11-04,8:37,7:37,,NYJ,18,8,7,Sun,L 9-16,,9,16,-7,25,12,29,41.4,138,0,2,6,26,27.7,27,108,4.0,1,13,22,59.1,130,1,1,2,15,72.2,34,142,4.18,0
NEW,16,2001,2001-11-04,1:01,1:01,@,ATL,1,8,8,Sun,W 24-10,,24,10,14,34,21,31,67.7,236,3,0,3,14,122.5,34,135,3.97,0,10,29,34.5,104,1,1,9,47,42.9,19,140,7.37,0
NYG,17,2001,2001-11-04,1:04,1:04,,DAL,8,8,8,Sun,W 27-24,OT,27,24,3,51,24,34,70.6,265,3,2,4,15,98.3,26,93,3.58,0,17,31,54.8,238,1,4,4,24,50.9,32,86,2.69,0
NYJ,18,2001,2001-11-04,8:37,7:37,@,NOR,15,8,8,Sun,W 16-9,,16,9,7,25,13,22,59.1,130,1,1,2,15,72.2,34,142,4.18,0,12,29,41.4,138,0,2,6,26,27.7,27,108,4.0,1
TEN,19,2001,2001-11-04,1:03,12:03,,JAX,30,8,7,Sun,W 28-24,,28,24,4,52,27,34,79.4,216,2,0,4,25,112.7,33,146,4.42,2,21,32,65.6,239,1,1,5,22,85.3,17,70,4.12,2
PHI,20,2001,2001-11-04,4:05,2:05,@,ARI,7,8,7,Sun,W 21-7,,21,7,14,28,19,33,57.6,219,2,1,3,19,85.3,22,113,5.14,0,24,41,58.5,270,1,1,3,23,76.3,24,57,2.38,0
PIT,21,2001,2001-11-04,1:01,1:01,,BAL,31,8,7,Sun,L 10-13,,10,13,-3,23,22,37,59.5,225,1,0,2,11,86.0,35,123,3.51,0,14,22,63.6,142,1,1,3,16,78.2,26,41,1.58,0
BAL,31,2001,2001-11-04,1:01,1:01,@,PIT,21,8,8,Sun,W 13-10,,13,10,3,23,14,22,63.6,142,1,1,3,16,78.2,26,41,1.58,0,22,37,59.5,225,1,0,2,11,86.0,35,123,3.51,0
LAC,23,2001,2001-11-04,4:15,1:15,,KAN,12,8,8,Sun,L 20-25,,20,25,-5,45,21,43,48.8,259,1,1,3,23,65.9,20,66,3.3,1,14,26,53.8,170,0,1,2,16,58.2,39,208,5.33,3
SEA,24,2001,2001-11-04,4:15,4:15,@,WAS,26,8,7,Sun,L 14-27,,14,27,-13,41,14,30,46.7,215,1,3,4,33,42.4,14,60,4.29,1,15,23,65.2,139,2,1,1,13,92.5,46,226,4.91,1
SFO,28,2001,2001-11-04,4:05,1:05,,DET,10,8,7,Sun,W 21-13,,21,13,8,34,26,35,74.3,282,3,2,2,14,102.3,35,145,4.14,0,10,25,40.0,73,0,0,3,17,47.9,21,58,2.76,0
TAM,25,2001,2001-11-04,1:02,12:02,@,GNB,11,8,7,Sun,L 20-21,,20,21,-1,41,18,30,60.0,133,2,0,7,44,92.8,24,61,2.54,0,16,27,59.3,168,1,2,1,12,58.9,29,184,6.34,1
WAS,26,2001,2001-11-04,4:15,4:15,,SEA,24,8,8,Sun,W 27-14,,27,14,13,41,15,23,65.2,139,2,1,1,13,92.5,46,226,4.91,1,14,30,46.7,215,1,3,4,33,42.4,14,60,4.29,1
DEN,9,2001,2001-11-05,9:05,6:05,@,OAK,27,8,8,Mon,L 28-38,,28,38,-10,66,26,38,68.4,247,3,2,4,24,90.6,23,119,5.17,0,25,34,73.5,242,3,0,0,0,122.4,30,114,3.8,2
OAK,27,2001,2001-11-05,9:05,6:05,,DEN,9,8,7,Mon,W 38-28,,38,28,10,66,25,34,73.5,242,3,0,0,0,122.4,30,114,3.8,2,26,38,68.4,247,3,2,4,24,90.6,23,119,5.17,0
ATL,1,2001,2001-11-11,1:05,1:05,,DAL,8,9,8,Sun,W 20-13,,20,13,7,33,7,16,43.8,46,2,0,3,9,90.6,33,155,4.7,0,14,22,63.6,96,1,1,3,18,69.5,33,207,6.27,0
BUF,2,2001,2001-11-11,1:02,1:02,@,NEW,16,9,8,Sun,L 11-21,,11,21,-10,32,16,33,48.5,173,1,2,5,31,49.2,21,69,3.29,0,15,21,71.4,71,1,1,7,36,71.7,31,134,4.32,2
CAR,29,2001,2001-11-11,1:02,12:02,@,LAR,22,9,9,Sun,L 14-48,,14,48,-34,62,15,25,60.0,115,1,2,1,11,51.2,19,31,1.63,0,16,22,72.7,156,1,3,0,0,67.8,41,337,8.22,4
CHI,3,2001,2001-11-11,1:02,12:02,,GNB,11,9,8,Sun,L 12-20,,12,20,-8,32,29,48,60.4,215,0,0,1,4,71.1,24,47,1.96,0,19,32,59.4,268,2,1,1,0,94.3,23,100,4.35,0
CIN,4,2001,2001-11-11,1:03,1:03,@,JAX,30,9,8,Sun,L 13-30,,13,30,-17,43,28,48,58.3,279,0,1,4,24,66.2,23,73,3.17,1,20,32,62.5,164,2,0,3,25,96.4,25,97,3.88,2
CLE,5,2001,2001-11-11,1:03,1:03,,PIT,21,9,8,Sun,L 12-15,OT,12,15,-3,27,18,33,54.5,113,1,0,7,47,71.9,23,74,3.22,0,18,32,56.3,181,0,0,2,7,72.5,41,247,6.02,0
IND,6,2001,2001-11-11,1:00,1:00,,MIA,13,9,8,Sun,L 24-27,,24,27,-3,51,20,33,60.6,224,3,2,3,29,85.9,25,65,2.6,0,17,30,56.7,241,2,2,1,18,77.2,28,134,4.79,1
ARI,7,2001,2001-11-11,4:17,2:17,,NYG,17,9,8,Sun,L 10-17,,10,17,-7,27,13,26,50.0,135,1,1,2,37,62.2,25,78,3.12,0,15,24,62.5,148,1,1,2,7,76.4,41,186,4.54,1
DAL,8,2001,2001-11-11,1:05,1:05,@,ATL,1,9,8,Sun,L 13-20,,13,20,-7,33,14,22,63.6,96,1,1,3,18,69.5,33,207,6.27,0,7,16,43.8,46,2,0,3,9,90.6,33,155,4.7,0
DEN,9,2001,2001-11-11,4:05,2:05,,LAC,23,9,9,Sun,W 26-16,,26,16,10,42,21,31,67.7,221,2,0,3,3,109.7,42,117,2.79,0,12,31,38.7,147,1,4,1,18,25.3,17,96,5.65,0
DET,10,2001,2001-11-11,1:03,1:03,,TAM,25,9,8,Sun,L 17-20,,17,20,-3,37,21,40,52.5,218,1,2,5,21,56.0,23,52,2.26,1,20,37,54.1,175,1,0,2,13,75.8,25,99,3.96,0
GNB,11,2001,2001-11-11,1:02,12:02,@,CHI,3,9,8,Sun,W 20-12,,20,12,8,32,19,32,59.4,268,2,1,1,0,94.3,23,100,4.35,0,29,48,60.4,215,0,0,1,4,71.1,24,47,1.96,0
JAX,30,2001,2001-11-11,1:03,1:03,,CIN,4,9,8,Sun,W 30-13,,30,13,17,43,20,32,62.5,164,2,0,3,25,96.4,25,97,3.88,2,28,48,58.3,279,0,1,4,24,66.2,23,73,3.17,1
KAN,12,2001,2001-11-11,1:02,1:02,@,NYJ,18,9,9,Sun,L 7-27,,7,27,-20,34,16,31,51.6,124,1,3,3,19,32.9,26,100,3.85,0,18,28,64.3,179,0,1,0,0,67.4,37,174,4.7,3
MIA,13,2001,2001-11-11,1:00,1:00,@,IND,6,9,8,Sun,W 27-24,,27,24,3,51,17,30,56.7,241,2,2,1,18,77.2,28,134,4.79,1,20,33,60.6,224,3,2,3,29,85.9,25,65,2.6,0
MIN,14,2001,2001-11-11,4:15,4:15,@,PHI,20,9,8,Sun,L 17-48,,17,48,-31,65,21,35,60.0,245,2,1,6,40,88.4,21,56,2.67,0,19,29,65.5,215,3,0,1,8,122.1,35,272,7.77,3
NOR,15,2001,2001-11-11,4:15,1:15,@,SFO,28,9,8,Sun,L 27-28,,27,28,-1,55,22,37,59.5,336,2,0,1,11,107.5,32,152,4.75,0,21,34,61.8,251,4,0,1,1,123.5,26,164,6.31,0
NEW,16,2001,2001-11-11,1:02,1:02,,BUF,2,9,9,Sun,W 21-11,,21,11,10,32,15,21,71.4,71,1,1,7,36,71.7,31,134,4.32,2,16,33,48.5,173,1,2,5,31,49.2,21,69,3.29,0
NYG,17,2001,2001-11-11,4:17,2:17,@,ARI,7,9,9,Sun,W 17-10,,17,10,7,27,15,24,62.5,148,1,1,2,7,76.4,41,186,4.54,1,13,26,50.0,135,1,1,2,37,62.2,25,78,3.12,0
NYJ,18,2001,2001-11-11,1:02,1:02,,KAN,12,9,9,Sun,W 27-7,,27,7,20,34,18,28,64.3,179,0,1,0,0,67.4,37,174,4.7,3,16,31,51.6,124,1,3,3,19,32.9,26,100,3.85,0
PHI,20,2001,2001-11-11,4:15,4:15,,MIN,14,9,8,Sun,W 48-17,,48,17,31,65,19,29,65.5,215,3,0,1,8,122.1,35,272,7.77,3,21,35,60.0,245,2,1,6,40,88.4,21,56,2.67,0
PIT,21,2001,2001-11-11,1:03,1:03,@,CLE,5,9,8,Sun,W 15-12,OT,15,12,3,27,18,32,56.3,181,0,0,2,7,72.5,41,247,6.02,0,18,33,54.5,113,1,0,7,47,71.9,23,74,3.22,0
OAK,27,2001,2001-11-11,8:36,5:36,@,SEA,24,9,8,Sun,L 27-34,,27,34,-7,61,24,38,63.2,250,2,0,2,7,99.7,18,88,4.89,0,15,23,65.2,178,1,0,1,3,103.2,42,319,7.6,3
LAR,22,2001,2001-11-11,1:02,12:02,,CAR,29,9,8,Sun,W 48-14,,48,14,34,62,16,22,72.7,156,1,3,0,0,67.8,41,337,8.22,4,15,25,60.0,115,1,2,1,11,51.2,19,31,1.63,0
LAC,23,2001,2001-11-11,4:05,2:05,@,DEN,9,9,9,Sun,L 16-26,,16,26,-10,42,12,31,38.7,147,1,4,1,18,25.3,17,96,5.65,0,21,31,67.7,221,2,0,3,3,109.7,42,117,2.79,0
SEA,24,2001,2001-11-11,8:36,5:36,,OAK,27,9,8,Sun,W 34-27,,34,27,7,61,15,23,65.2,178,1,0,1,3,103.2,42,319,7.6,3,24,38,63.2,250,2,0,2,7,99.7,18,88,4.89,0
SFO,28,2001,2001-11-11,4:15,1:15,,NOR,15,9,8,Sun,W 28-27,,28,27,1,55,21,34,61.8,251,4,0,1,1,123.5,26,164,6.31,0,22,37,59.5,336,2,0,1,11,107.5,32,152,4.75,0
TAM,25,2001,2001-11-11,1:03,1:03,@,DET,10,9,8,Sun,W 20-17,,20,17,3,37,20,37,54.1,175,1,0,2,13,75.8,25,99,3.96,0,21,40,52.5,218,1,2,5,21,56.0,23,52,2.26,1
TEN,19,2001,2001-11-12,9:08,8:08,,BAL,31,9,8,Mon,L 10-16,,10,16,-6,26,27,49,55.1,228,1,1,6,28,65.7,28,90,3.21,0,16,28,57.1,161,1,1,3,20,70.7,24,77,3.21,0
BAL,31,2001,2001-11-12,9:08,8:08,@,TEN,19,9,9,Mon,W 16-10,,16,10,6,26,16,28,57.1,161,1,1,3,20,70.7,24,77,3.21,0,27,49,55.1,228,1,1,6,28,65.7,28,90,3.21,0
ATL,1,2001,2001-11-18,1:02,12:02,@,GNB,11,10,9,Sun,W 23-20,,23,20,3,43,29,50,58.0,335,2,2,3,17,75.0,25,82,3.28,0,16,29,55.2,243,2,3,2,19,66.4,19,70,3.68,0
BUF,2,2001,2001-11-18,1:02,1:02,,SEA,24,10,9,Sun,L 20-23,,20,23,-3,43,28,42,66.7,303,2,0,2,13,103.6,22,69,3.14,0,16,23,69.6,134,1,0,0,0,98.8,32,112,3.5,1
CAR,29,2001,2001-11-18,1:02,1:02,,SFO,28,10,10,Sun,L 22-25,OT,22,25,-3,47,22,41,53.7,177,2,0,0,0,81.0,16,103,6.44,0,34,54,63.0,296,3,2,3,9,80.5,26,121,4.65,0
CHI,3,2001,2001-11-18,4:15,4:15,@,TAM,25,10,9,Sun,W 27-24,,27,24,3,51,14,25,56.0,206,3,1,3,22,106.0,29,68,2.34,0,41,57,71.9,395,0,2,2,9,76.3,15,19,1.27,2
CIN,4,2001,2001-11-18,1:02,1:02,,TEN,19,10,9,Sun,L 7-20,,7,20,-13,27,23,41,56.1,224,1,2,1,10,59.4,21,40,1.9,0,16,25,64.0,164,1,1,1,8,79.4,31,129,4.16,0
CLE,5,2001,2001-11-18,1:01,1:01,@,BAL,31,10,9,Sun,W 27-17,,27,17,10,44,19,30,63.3,137,0,3,1,7,34.3,30,95,3.17,2,23,44,52.3,242,2,4,2,19,45.8,27,108,4.0,0
IND,6,2001,2001-11-18,1:02,12:02,@,NOR,15,10,9,Sun,L 20-34,,20,34,-14,54,18,28,64.3,262,1,1,0,0,91.7,23,77,3.35,1,19,22,86.4,221,2,0,4,28,138.8,37,157,4.24,2
ARI,7,2001,2001-11-18,4:15,2:15,,DET,10,10,9,Sun,W 45-38,,45,38,7,83,21,33,63.6,328,4,1,2,6,123.5,26,89,3.42,1,36,62,58.1,429,3,3,1,7,75.3,22,49,2.23,2
DAL,8,2001,2001-11-18,1:03,12:03,,PHI,20,10,9,Sun,L 3-36,,3,36,-33,39,11,26,42.3,81,0,2,3,21,18.3,23,132,5.74,0,16,32,50.0,129,1,1,0,0,57.9,35,98,2.8,0
DEN,9,2001,2001-11-18,4:15,2:15,,WAS,26,10,10,Sun,L 10-17,,10,17,-7,27,11,31,35.5,98,1,0,3,16,55.6,27,88,3.26,0,16,31,51.6,127,2,0,3,23,83.7,32,118,3.69,0
DET,10,2001,2001-11-18,4:15,2:15,@,ARI,7,10,9,Sun,L 38-45,,38,45,-7,83,36,62,58.1,429,3,3,1,7,75.3,22,49,2.23,2,21,33,63.6,328,4,1,2,6,123.5,26,89,3.42,1
GNB,11,2001,2001-11-18,1:02,12:02,,ATL,1,10,9,Sun,L 20-23,,20,23,-3,43,16,29,55.2,243,2,3,2,19,66.4,19,70,3.68,0,29,50,58.0,335,2,2,3,17,75.0,25,82,3.28,0
JAX,30,2001,2001-11-18,4:05,4:05,@,PIT,21,10,9,Sun,L 7-20,,7,20,-13,27,17,31,54.8,186,0,0,5,39,72.8,16,48,3.0,0,21,33,63.6,257,1,0,2,9,97.7,34,145,4.26,1
MIA,13,2001,2001-11-18,1:02,1:02,,NYJ,18,10,9,Sun,L 0-24,,0,24,-24,24,24,36,66.7,176,0,3,3,12,43.3,30,78,2.6,0,10,21,47.6,76,1,0,0,0,72.7,28,86,3.07,0
NOR,15,2001,2001-11-18,1:02,12:02,,IND,6,10,9,Sun,W 34-20,,34,20,14,54,19,22,86.4,221,2,0,4,28,138.8,37,157,4.24,2,18,28,64.3,262,1,1,0,0,91.7,23,77,3.35,1
NEW,16,2001,2001-11-18,8:35,8:35,,LAR,22,10,10,Sun,L 17-24,,17,24,-7,41,19,27,70.4,179,1,2,2,6,69.8,20,51,2.55,0,30,42,71.4,396,3,2,1,5,104.9,28,86,3.07,0
NYJ,18,2001,2001-11-18,1:02,1:02,@,MIA,13,10,10,Sun,W 24-0,,24,0,24,24,10,21,47.6,76,1,0,0,0,72.7,28,86,3.07,0,24,36,66.7,176,0,3,3,12,43.3,30,78,2.6,0
TEN,19,2001,2001-11-18,1:02,1:02,@,CIN,4,10,9,Sun,W 20-7,,20,7,13,27,16,25,64.0,164,1,1,1,8,79.4,31,129,4.16,0,23,41,56.1,224,1,2,1,10,59.4,21,40,1.9,0
PHI,20,2001,2001-11-18,1:03,12:03,@,DAL,8,10,9,Sun,W 36-3,,36,3,33,39,16,32,50.0,129,1,1,0,0,57.9,35,98,2.8,0,11,26,42.3,81,0,2,3,21,18.3,23,132,5.74,0
PIT,21,2001,2001-11-18,4:05,4:05,,JAX,30,10,9,Sun,W 20-7,,20,7,13,27,21,33,63.6,257,1,0,2,9,97.7,34,145,4.26,1,17,31,54.8,186,0,0,5,39,72.8,16,48,3.0,0
OAK,27,2001,2001-11-18,4:05,1:05,,LAC,23,10,9,Sun,W 34-24,,34,24,10,58,25,38,65.8,293,4,1,4,18,113.2,28,88,3.14,0,12,27,44.4,98,0,1,0,0,38.8,29,152,5.24,2
LAR,22,2001,2001-11-18,8:35,8:35,@,NEW,16,10,9,Sun,W 24-17,,24,17,7,41,30,42,71.4,396,3,2,1,5,104.9,28,86,3.07,0,19,27,70.4,179,1,2,2,6,69.8,20,51,2.55,0
BAL,31,2001,2001-11-18,1:01,1:01,,CLE,5,10,10,Sun,L 17-27,,17,27,-10,44,23,44,52.3,242,2,4,2,19,45.8,27,108,4.0,0,19,30,63.3,137,0,3,1,7,34.3,30,95,3.17,2
LAC,23,2001,2001-11-18,4:05,1:05,@,OAK,27,10,10,Sun,L 24-34,,24,34,-10,58,12,27,44.4,98,0,1,0,0,38.8,29,152,5.24,2,25,38,65.8,293,4,1,4,18,113.2,28,88,3.14,0
SEA,24,2001,2001-11-18,1:02,1:02,@,BUF,2,10,9,Sun,W 23-20,,23,20,3,43,16,23,69.6,134,1,0,0,0,98.8,32,112,3.5,1,28,42,66.7,303,2,0,2,13,103.6,22,69,3.14,0
SFO,28,2001,2001-11-18,1:02,1:02,@,CAR,29,10,9,Sun,W 25-22,OT,25,22,3,47,34,54,63.0,296,3,2,3,9,80.5,26,121,4.65,0,22,41,53.7,177,2,0,0,0,81.0,16,103,6.44,0
TAM,25,2001,2001-11-18,4:15,4:15,,CHI,3,10,9,Sun,L 24-27,,24,27,-3,51,41,57,71.9,395,0,2,2,9,76.3,15,19,1.27,2,14,25,56.0,206,3,1,3,22,106.0,29,68,2.34,0
WAS,26,2001,2001-11-18,4:15,2:15,@,DEN,9,10,9,Sun,W 17-10,,17,10,7,27,16,31,51.6,127,2,0,3,23,83.7,32,118,3.69,0,11,31,35.5,98,1,0,3,16,55.6,27,88,3.26,0
MIN,14,2001,2001-11-19,9:10,8:10,,NYG,17,10,9,Mon,W 28-16,,28,16,12,44,26,38,68.4,263,4,2,3,14,101.1,28,96,3.43,0,21,37,56.8,297,0,2,4,24,60.3,15,61,4.07,1
NYG,17,2001,2001-11-19,9:10,8:10,@,MIN,14,10,10,Mon,L 16-28,,16,28,-12,44,21,37,56.8,297,0,2,4,24,60.3,15,61,4.07,1,26,38,68.4,263,4,2,3,14,101.1,28,96,3.43,0
DAL,8,2001,2001-11-22,4:15,3:15,,DEN,9,11,10,Thu,L 24-26,,24,26,-2,50,17,33,51.5,164,0,0,4,28,65.7,16,27,1.69,2,17,29,58.6,160,1,1,1,11,71.0,39,119,3.05,1
DEN,9,2001,2001-11-22,4:15,3:15,@,DAL,8,11,11,Thu,W 26-24,,26,24,2,50,17,29,58.6,160,1,1,1,11,71.0,39,119,3.05,1,17,33,51.5,164,0,0,4,28,65.7,16,27,1.69,2
DET,10,2001,2001-11-22,12:36,12:36,,GNB,11,11,10,Thu,L 27-29,,27,29,-2,56,17,39,43.6,193,1,1,3,14,56.9,25,167,6.68,1,18,26,69.2,235,2,0,2,17,123.1,27,104,3.85,1
GNB,11,2001,2001-11-22,12:36,12:36,@,DET,10,11,10,Thu,W 29-27,,29,27,2,56,18,26,69.2,235,2,0,2,17,123.1,27,104,3.85,1,17,39,43.6,193,1,1,3,14,56.9,25,167,6.68,1
ATL,1,2001,2001-11-25,1:02,1:02,@,CAR,29,11,10,Sun,W 10-7,,10,7,3,17,14,27,51.9,94,0,0,4,38,59.8,33,145,4.39,1,17,31,54.8,151,0,2,4,20,41.2,28,96,3.43,1
BUF,2,2001,2001-11-25,1:02,1:02,,MIA,13,11,10,Sun,L 27-34,,27,34,-7,61,21,34,61.8,295,3,1,4,14,106.9,26,127,4.88,1,19,32,59.4,261,3,0,2,16,116.8,30,101,3.37,1
CAR,29,2001,2001-11-25,1:02,1:02,,ATL,1,11,11,Sun,L 7-10,,7,10,-3,17,17,31,54.8,151,0,2,4,20,41.2,28,96,3.43,1,14,27,51.9,94,0,0,4,38,59.8,33,145,4.39,1
CHI,3,2001,2001-11-25,8:35,7:35,@,MIN,14,11,10,Sun,W 13-6,,13,6,7,19,10,21,47.6,93,0,0,1,4,60.2,30,142,4.73,1,26,46,56.5,192,0,1,3,17,57.5,23,124,5.39,0
CIN,4,2001,2001-11-25,1:03,1:03,@,CLE,5,11,10,Sun,L 0-18,,0,18,-18,18,13,33,39.4,107,0,5,3,18,8.8,24,84,3.5,0,16,27,59.3,171,1,2,3,18,59.3,39,78,2.0,0
CLE,5,2001,2001-11-25,1:03,1:03,,CIN,4,11,10,Sun,W 18-0,,18,0,18,18,16,27,59.3,171,1,2,3,18,59.3,39,78,2.0,0,13,33,39.4,107,0,5,3,18,8.8,24,84,3.5,0
IND,6,2001,2001-11-25,1:00,1:00,,SFO,28,11,10,Sun,L 21-40,,21,40,-19,61,31,51,60.8,364,1,4,1,6,56.3,32,127,3.97,2,14,22,63.6,169,2,1,3,10,98.5,23,171,7.43,2
ARI,7,2001,2001-11-25,4:05,1:05,@,LAC,23,11,10,Sun,W 20-17,,20,17,3,37,19,31,61.3,227,1,2,3,14,67.5,24,71,2.96,1,33,44,75.0,308,2,0,0,0,108.9,23,84,3.65,0
JAX,30,2001,2001-11-25,4:15,4:15,,BAL,31,11,10,Sun,L 21-24,,21,24,-3,45,23,38,60.5,230,1,0,4,29,86.5,19,75,3.95,2,21,30,70.0,246,1,1,2,13,91.8,42,115,2.74,2
KAN,12,2001,2001-11-25,1:00,12:00,,SEA,24,11,10,Sun,W 19-7,,19,7,12,26,16,26,61.5,245,0,0,3,11,92.6,44,188,4.27,2,16,26,61.5,139,1,0,3,23,88.5,17,65,3.82,0
MIA,13,2001,2001-11-25,1:02,1:02,@,BUF,2,11,10,Sun,W 34-27,,34,27,7,61,19,32,59.4,261,3,0,2,16,116.8,30,101,3.37,1,21,34,61.8,295,3,1,4,14,106.9,26,127,4.88,1
MIN,14,2001,2001-11-25,8:35,7:35,,CHI,3,11,10,Sun,L 6-13,,6,13,-7,19,26,46,56.5,192,0,1,3,17,57.5,23,124,5.39,0,10,21,47.6,93,0,0,1,4,60.2,30,142,4.73,1
NOR,15,2001,2001-11-25,4:05,4:05,@,NEW,16,11,10,Sun,L 17-34,,17,34,-17,51,16,39,41.0,307,1,2,1,0,56.2,22,121,5.5,1,19,26,73.1,241,4,0,4,17,141.2,38,191,5.03,1
NEW,16,2001,2001-11-25,4:05,4:05,,NOR,15,11,11,Sun,W 34-17,,34,17,17,51,19,26,73.1,241,4,0,4,17,141.2,38,191,5.03,1,16,39,41.0,307,1,2,1,0,56.2,22,121,5.5,1
NYG,17,2001,2001-11-25,4:15,4:15,,OAK,27,11,11,Sun,L 10-28,,10,28,-18,38,19,38,50.0,160,0,0,3,24,61.3,27,153,5.67,1,13,20,65.0,220,3,0,1,1,141.7,32,119,3.72,1
TEN,19,2001,2001-11-25,1:05,12:05,,PIT,21,11,10,Sun,L 24-34,,24,34,-10,58,23,37,62.2,324,2,2,2,10,85.9,21,81,3.86,1,19,32,59.4,247,2,0,1,7,104.6,31,130,4.19,1
PHI,20,2001,2001-11-25,1:03,1:03,,WAS,26,11,10,Sun,L 3-13,,3,13,-10,16,15,27,55.6,92,0,0,0,0,62.6,22,94,4.27,0,12,18,66.7,85,0,0,2,11,77.3,45,155,3.44,1
PIT,21,2001,2001-11-25,1:05,12:05,@,TEN,19,11,10,Sun,W 34-24,,34,24,10,58,19,32,59.4,247,2,0,1,7,104.6,31,130,4.19,1,23,37,62.2,324,2,2,2,10,85.9,21,81,3.86,1
OAK,27,2001,2001-11-25,4:15,4:15,@,NYG,17,11,10,Sun,W 28-10,,28,10,18,38,13,20,65.0,220,3,0,1,1,141.7,32,119,3.72,1,19,38,50.0,160,0,0,3,24,61.3,27,153,5.67,1
BAL,31,2001,2001-11-25,4:15,4:15,@,JAX,30,11,11,Sun,W 24-21,,24,21,3,45,21,30,70.0,246,1,1,2,13,91.8,42,115,2.74,2,23,38,60.5,230,1,0,4,29,86.5,19,75,3.95,2
LAC,23,2001,2001-11-25,4:05,1:05,,ARI,7,11,11,Sun,L 17-20,,17,20,-3,37,33,44,75.0,308,2,0,0,0,108.9,23,84,3.65,0,19,31,61.3,227,1,2,3,14,67.5,24,71,2.96,1
SEA,24,2001,2001-11-25,1:00,12:00,@,KAN,12,11,10,Sun,L 7-19,,7,19,-12,26,16,26,61.5,139,1,0,3,23,88.5,17,65,3.82,0,16,26,61.5,245,0,0,3,11,92.6,44,188,4.27,2
SFO,28,2001,2001-11-25,1:00,1:00,@,IND,6,11,10,Sun,W 40-21,,40,21,19,61,14,22,63.6,169,2,1,3,10,98.5,23,171,7.43,2,31,51,60.8,364,1,4,1,6,56.3,32,127,3.97,2
WAS,26,2001,2001-11-25,1:03,1:03,@,PHI,20,11,10,Sun,W 13-3,,13,3,10,16,12,18,66.7,85,0,0,2,11,77.3,45,155,3.44,1,15,27,55.6,92,0,0,0,0,62.6,22,94,4.27,0
LAR,22,2001,2001-11-26,9:10,8:10,,TAM,25,11,10,Mon,L 17-24,,17,24,-7,41,19,39,48.7,269,1,2,3,22,58.6,19,76,4.0,0,21,34,61.8,173,0,1,2,12,62.5,31,91,2.94,3
TAM,25,2001,2001-11-26,9:10,8:10,@,LAR,22,11,10,Mon,W 24-17,,24,17,7,41,21,34,61.8,173,0,1,2,12,62.5,31,91,2.94,3,19,39,48.7,269,1,2,3,22,58.6,19,76,4.0,0
KAN,12,2001,2001-11-29,8:30,7:30,,PHI,20,12,11,Thu,L 10-23,,10,23,-13,33,21,35,60.0,208,1,1,2,5,74.5,20,83,4.15,0,18,26,69.2,251,2,1,2,18,109.6,36,127,3.53,0
PHI,20,2001,2001-11-29,8:30,7:30,@,KAN,12,12,11,Thu,W 23-10,,23,10,13,33,18,26,69.2,251,2,1,2,18,109.6,36,127,3.53,0,21,35,60.0,208,1,1,2,5,74.5,20,83,4.15,0
ATL,1,2001,2001-12-02,4:15,4:15,,LAR,22,12,11,Sun,L 6-35,,6,35,-29,41,21,37,56.8,192,0,1,4,25,59.7,30,128,4.27,0,17,23,73.9,333,4,0,2,9,155.3,20,89,4.45,0
BUF,2,2001,2001-12-02,8:36,5:36,@,SFO,28,12,11,Sun,L 0-35,,0,35,-35,35,21,38,55.3,162,0,4,2,6,26.3,11,29,2.64,0,19,27,70.4,179,2,0,2,10,113.0,43,230,5.35,3
CAR,29,2001,2001-12-02,1:03,12:03,@,NOR,15,12,12,Sun,L 23-27,,23,27,-4,50,11,21,52.4,101,0,1,8,60,45.9,19,49,2.58,2,26,40,65.0,307,3,1,3,23,102.8,34,125,3.68,0
CHI,3,2001,2001-12-02,1:03,12:03,,DET,10,12,11,Sun,W 13-10,,13,10,3,23,17,34,50.0,124,0,1,0,0,46.7,34,108,3.18,1,22,37,59.5,228,0,0,5,28,77.3,23,67,2.91,1
CIN,4,2001,2001-12-02,1:02,1:02,,TAM,25,12,11,Sun,L 13-16,OT,13,16,-3,29,19,38,50.0,115,1,1,3,29,54.2,24,86,3.58,0,26,33,78.8,199,0,0,6,32,91.8,30,65,2.17,0
CLE,5,2001,2001-12-02,1:02,1:02,,TEN,19,12,11,Sun,L 15-31,,15,31,-16,46,24,38,63.2,217,2,1,2,7,85.1,17,65,3.82,0,13,19,68.4,272,3,0,0,0,150.8,39,111,2.85,1
IND,6,2001,2001-12-02,1:02,1:02,@,BAL,31,12,11,Sun,L 27-39,,27,39,-12,66,27,48,56.3,263,2,1,3,47,77.0,17,51,3.0,0,23,39,59.0,268,2,1,0,0,86.3,31,130,4.19,1
ARI,7,2001,2001-12-02,4:15,1:15,@,OAK,27,12,11,Sun,W 34-31,OT,34,31,3,65,22,38,57.9,245,1,0,1,4,86.0,34,145,4.26,2,29,45,64.4,301,3,2,1,1,87.4,32,135,4.22,1
DAL,8,2001,2001-12-02,4:15,4:15,@,WAS,26,12,11,Sun,W 20-14,,20,14,6,34,7,14,50.0,122,1,1,2,8,74.1,45,215,4.78,1,17,32,53.1,196,1,1,3,20,69.3,22,81,3.68,1
DEN,9,2001,2001-12-02,1:02,1:02,@,MIA,13,12,12,Sun,L 10-21,,10,21,-11,31,18,33,54.5,126,1,1,1,9,60.9,32,147,4.59,0,18,28,64.3,176,1,0,0,0,93.7,22,42,1.91,1
DET,10,2001,2001-12-02,1:03,12:03,@,CHI,3,12,11,Sun,L 10-13,,10,13,-3,23,22,37,59.5,228,0,0,5,28,77.3,23,67,2.91,1,17,34,50.0,124,0,1,0,0,46.7,34,108,3.18,1
MIA,13,2001,2001-12-02,1:02,1:02,,DEN,9,12,11,Sun,W 21-10,,21,10,11,31,18,28,64.3,176,1,0,0,0,93.7,22,42,1.91,1,18,33,54.5,126,1,1,1,9,60.9,32,147,4.59,0
MIN,14,2001,2001-12-02,1:01,1:01,@,PIT,21,12,11,Sun,L 16-21,,16,21,-5,37,23,32,71.9,340,2,2,0,0,101.0,16,45,2.81,0,13,19,68.4,157,0,1,0,0,71.6,46,207,4.5,3
NOR,15,2001,2001-12-02,1:03,12:03,,CAR,29,12,11,Sun,W 27-23,,27,23,4,50,26,40,65.0,307,3,1,3,23,102.8,34,125,3.68,0,11,21,52.4,101,0,1,8,60,45.9,19,49,2.58,2
NEW,16,2001,2001-12-02,1:02,1:02,@,NYJ,18,12,12,Sun,W 17-16,,17,16,1,33,20,28,71.4,191,0,0,3,22,90.0,23,73,3.17,2,18,32,56.3,157,1,2,3,15,53.8,28,131,4.68,0
NYJ,18,2001,2001-12-02,1:02,1:02,,NEW,16,12,11,Sun,L 16-17,,16,17,-1,33,18,32,56.3,157,1,2,3,15,53.8,28,131,4.68,0,20,28,71.4,191,0,0,3,22,90.0,23,73,3.17,2
TEN,19,2001,2001-12-02,1:02,1:02,@,CLE,5,12,11,Sun,W 31-15,,31,15,16,46,13,19,68.4,272,3,0,0,0,150.8,39,111,2.85,1,24,38,63.2,217,2,1,2,7,85.1,17,65,3.82,0
PIT,21,2001,2001-12-02,1:01,1:01,,MIN,14,12,11,Sun,W 21-16,,21,16,5,37,13,19,68.4,157,0,1,0,0,71.6,46,207,4.5,3,23,32,71.9,340,2,2,0,0,101.0,16,45,2.81,0
OAK,27,2001,2001-12-02,4:15,1:15,,ARI,7,12,11,Sun,L 31-34,OT,31,34,-3,65,29,45,64.4,301,3,2,1,1,87.4,32,135,4.22,1,22,38,57.9,245,1,0,1,4,86.0,34,145,4.26,2
LAR,22,2001,2001-12-02,4:15,4:15,@,ATL,1,12,11,Sun,W 35-6,,35,6,29,41,17,23,73.9,333,4,0,2,9,155.3,20,89,4.45,0,21,37,56.8,192,0,1,4,25,59.7,30,128,4.27,0
BAL,31,2001,2001-12-02,1:02,1:02,,IND,6,12,12,Sun,W 39-27,,39,27,12,66,23,39,59.0,268,2,1,0,0,86.3,31,130,4.19,1,27,48,56.3,263,2,1,3,47,77.0,17,51,3.0,0
LAC,23,2001,2001-12-02,4:05,1:05,@,SEA,24,12,12,Sun,L 10-13,OT,10,13,-3,23,19,33,57.6,185,0,2,1,10,48.2,27,107,3.96,1,19,35,54.3,192,0,0,2,10,70.2,36,117,3.25,1
SEA,24,2001,2001-12-02,4:05,1:05,,LAC,23,12,11,Sun,W 13-10,OT,13,10,3,23,19,35,54.3,192,0,0,2,10,70.2,36,117,3.25,1,19,33,57.6,185,0,2,1,10,48.2,27,107,3.96,1
SFO,28,2001,2001-12-02,8:36,5:36,,BUF,2,12,11,Sun,W 35-0,,35,0,35,35,19,27,70.4,179,2,0,2,10,113.0,43,230,5.35,3,21,38,55.3,162,0,4,2,6,26.3,11,29,2.64,0
TAM,25,2001,2001-12-02,1:02,1:02,@,CIN,4,12,11,Sun,W 16-13,OT,16,13,3,29,26,33,78.8,199,0,0,6,32,91.8,30,65,2.17,0,19,38,50.0,115,1,1,3,29,54.2,24,86,3.58,0
WAS,26,2001,2001-12-02,4:15,4:15,,DAL,8,12,11,Sun,L 14-20,,14,20,-6,34,17,32,53.1,196,1,1,3,20,69.3,22,81,3.68,1,7,14,50.0,122,1,1,2,8,74.1,45,215,4.78,1
GNB,11,2001,2001-12-03,9:07,9:07,@,JAX,30,12,11,Mon,W 28-21,,28,21,7,49,24,42,57.1,352,3,0,1,10,108.4,21,37,1.76,1,26,45,57.8,286,1,2,5,25,65.6,23,62,2.7,0
JAX,30,2001,2001-12-03,9:07,9:07,,GNB,11,12,11,Mon,L 21-28,,21,28,-7,49,26,45,57.8,286,1,2,5,25,65.6,23,62,2.7,0,24,42,57.1,352,3,0,1,10,108.4,21,37,1.76,1
ATL,1,2001,2001-12-09,1:05,1:05,,NOR,15,13,12,Sun,L 10-28,,10,28,-18,38,18,32,56.3,180,0,1,9,53,59.4,21,50,2.38,1,21,31,67.7,265,2,0,3,26,115.7,21,114,5.43,2
BUF,2,2001,2001-12-09,1:02,1:02,,CAR,29,13,12,Sun,W 25-24,,25,24,1,49,20,29,69.0,267,1,1,2,10,95.0,35,102,2.91,1,15,30,50.0,153,1,1,0,0,62.2,27,78,2.89,2
CAR,29,2001,2001-12-09,1:02,1:02,@,BUF,2,13,13,Sun,L 24-25,,24,25,-1,49,15,30,50.0,153,1,1,0,0,62.2,27,78,2.89,2,20,29,69.0,267,1,1,2,10,95.0,35,102,2.91,1
CHI,3,2001,2001-12-09,1:02,12:02,@,GNB,11,13,12,Sun,L 7-17,,7,17,-10,24,18,33,54.5,139,0,1,0,0,52.5,19,50,2.63,1,15,27,55.6,185,1,1,2,22,73.8,36,167,4.64,1
CIN,4,2001,2001-12-09,1:02,1:02,,JAX,30,13,12,Sun,L 10-14,,10,14,-4,24,16,30,53.3,140,0,1,1,7,52.1,27,60,2.22,1,23,32,71.9,193,2,1,8,49,94.9,25,62,2.48,0
CLE,5,2001,2001-12-09,1:02,1:02,@,NEW,16,13,12,Sun,L 16-27,,16,27,-11,43,20,39,51.3,227,0,3,3,17,37.0,19,50,2.63,0,19,28,67.9,209,0,2,3,9,60.0,33,81,2.45,2
ARI,7,2001,2001-12-09,4:04,2:04,,WAS,26,13,12,Sun,L 10-20,,10,20,-10,30,20,34,58.8,246,1,1,1,7,78.8,22,80,3.64,0,19,26,73.1,201,1,0,1,9,108.0,35,130,3.71,1
DAL,8,2001,2001-12-09,1:02,12:02,,NYG,17,13,12,Sun,W 20-13,,20,13,7,33,17,26,65.4,185,1,0,2,9,99.0,36,104,2.89,1,13,26,50.0,120,1,1,1,2,59.8,24,125,5.21,0
DEN,9,2001,2001-12-09,8:35,6:35,,SEA,24,13,13,Sun,W 20-7,,20,7,13,27,21,37,56.8,144,2,1,2,14,72.4,28,165,5.89,0,17,37,45.9,207,1,2,5,36,50.2,21,70,3.33,0
DET,10,2001,2001-12-09,1:01,1:01,@,TAM,25,13,12,Sun,L 12-15,,12,15,-3,27,11,25,44.0,151,0,0,3,14,63.9,24,102,4.25,0,31,54,57.4,275,1,2,4,30,61.9,22,81,3.68,1
GNB,11,2001,2001-12-09,1:02,12:02,,CHI,3,13,12,Sun,W 17-7,,17,7,10,24,15,27,55.6,185,1,1,2,22,73.8,36,167,4.64,1,18,33,54.5,139,0,1,0,0,52.5,19,50,2.63,1
JAX,30,2001,2001-12-09,1:02,1:02,@,CIN,4,13,12,Sun,W 14-10,,14,10,4,24,23,32,71.9,193,2,1,8,49,94.9,25,62,2.48,0,16,30,53.3,140,0,1,1,7,52.1,27,60,2.22,1
KAN,12,2001,2001-12-09,4:15,1:15,@,OAK,27,13,12,Sun,L 26-28,,26,28,-2,54,15,32,46.9,243,2,1,3,10,80.6,36,204,5.67,1,18,24,75.0,185,1,1,2,10,93.2,26,79,3.04,2
MIN,14,2001,2001-12-09,1:00,12:00,,TEN,19,13,12,Sun,W 42-24,,42,24,18,66,21,31,67.7,348,4,1,0,0,131.5,25,148,5.92,2,25,36,69.4,271,2,0,4,31,109.8,29,182,6.28,1
NOR,15,2001,2001-12-09,1:05,1:05,@,ATL,1,13,12,Sun,W 28-10,,28,10,18,38,21,31,67.7,265,2,0,3,26,115.7,21,114,5.43,2,18,32,56.3,180,0,1,9,53,59.4,21,50,2.38,1
NEW,16,2001,2001-12-09,1:02,1:02,,CLE,5,13,13,Sun,W 27-16,,27,16,11,43,19,28,67.9,209,0,2,3,9,60.0,33,81,2.45,2,20,39,51.3,227,0,3,3,17,37.0,19,50,2.63,0
NYG,17,2001,2001-12-09,1:02,12:02,@,DAL,8,13,12,Sun,L 13-20,,13,20,-7,33,13,26,50.0,120,1,1,1,2,59.8,24,125,5.21,0,17,26,65.4,185,1,0,2,9,99.0,36,104,2.89,1
NYJ,18,2001,2001-12-09,4:15,4:15,@,PIT,21,13,12,Sun,L 7-18,,7,18,-11,25,16,27,59.3,159,1,0,0,0,88.3,19,61,3.21,0,20,36,55.6,211,0,0,1,3,72.8,39,134,3.44,1
TEN,19,2001,2001-12-09,1:00,12:00,@,MIN,14,13,12,Sun,L 24-42,,24,42,-18,66,25,36,69.4,271,2,0,4,31,109.8,29,182,6.28,1,21,31,67.7,348,4,1,0,0,131.5,25,148,5.92,2
PHI,20,2001,2001-12-09,1:03,1:03,,LAC,23,13,12,Sun,W 24-14,,24,14,10,38,22,45,48.9,210,2,1,2,11,67.8,24,63,2.63,0,20,44,45.5,297,2,2,2,10,64.3,27,96,3.56,0
PIT,21,2001,2001-12-09,4:15,4:15,,NYJ,18,13,12,Sun,W 18-7,,18,7,11,25,20,36,55.6,211,0,0,1,3,72.8,39,134,3.44,1,16,27,59.3,159,1,0,0,0,88.3,19,61,3.21,0
OAK,27,2001,2001-12-09,4:15,1:15,,KAN,12,13,12,Sun,W 28-26,,28,26,2,54,18,24,75.0,185,1,1,2,10,93.2,26,79,3.04,2,15,32,46.9,243,2,1,3,10,80.6,36,204,5.67,1
LAR,22,2001,2001-12-09,1:02,12:02,,SFO,28,13,12,Sun,W 27-14,,27,14,13,41,26,42,61.9,270,2,1,4,24,86.4,30,115,3.83,1,13,36,36.1,144,0,2,1,2,25.7,23,76,3.3,2
LAC,23,2001,2001-12-09,1:03,1:03,@,PHI,20,13,13,Sun,L 14-24,,14,24,-10,38,20,44,45.5,297,2,2,2,10,64.3,27,96,3.56,0,22,45,48.9,210,2,1,2,11,67.8,24,63,2.63,0
SEA,24,2001,2001-12-09,8:35,6:35,@,DEN,9,13,12,Sun,L 7-20,,7,20,-13,27,17,37,45.9,207,1,2,5,36,50.2,21,70,3.33,0,21,37,56.8,144,2,1,2,14,72.4,28,165,5.89,0
SFO,28,2001,2001-12-09,1:02,12:02,@,LAR,22,13,12,Sun,L 14-27,,14,27,-13,41,13,36,36.1,144,0,2,1,2,25.7,23,76,3.3,2,26,42,61.9,270,2,1,4,24,86.4,30,115,3.83,1
TAM,25,2001,2001-12-09,1:01,1:01,,DET,10,13,12,Sun,W 15-12,,15,12,3,27,31,54,57.4,275,1,2,4,30,61.9,22,81,3.68,1,11,25,44.0,151,0,0,3,14,63.9,24,102,4.25,0
WAS,26,2001,2001-12-09,4:04,2:04,@,ARI,7,13,12,Sun,W 20-10,,20,10,10,30,19,26,73.1,201,1,0,1,9,108.0,35,130,3.71,1,20,34,58.8,246,1,1,1,7,78.8,22,80,3.64,0
IND,6,2001,2001-12-10,9:08,9:08,@,MIA,13,13,12,Mon,L 6-41,,6,41,-35,47,19,32,59.4,170,0,3,1,3,34.6,18,84,4.67,0,18,26,69.2,183,3,0,1,8,127.6,38,183,4.82,3
MIA,13,2001,2001-12-10,9:08,9:08,,IND,6,13,12,Mon,W 41-6,,41,6,35,47,18,26,69.2,183,3,0,1,8,127.6,38,183,4.82,3,19,32,59.4,170,0,3,1,3,34.6,18,84,4.67,0
ARI,7,2001,2001-12-15,1:37,1:37,@,NYG,17,14,13,Sat,L 13-17,,13,17,-4,30,27,45,60.0,197,1,0,3,10,77.7,30,88,2.93,0,14,32,43.8,139,2,0,1,8,77.5,25,105,4.2,0
NYG,17,2001,2001-12-15,1:37,1:37,,ARI,7,14,13,Sat,W 17-13,,17,13,4,30,14,32,43.8,139,2,0,1,8,77.5,25,105,4.2,0,27,45,60.0,197,1,0,3,10,77.7,30,88,2.93,0
OAK,27,2001,2001-12-15,5:15,2:15,@,LAC,23,14,13,Sat,W 13-6,,13,6,7,19,20,28,71.4,208,1,1,2,13,89.6,27,91,3.37,0,19,37,51.4,206,0,3,4,9,34.3,22,68,3.09,0
LAC,23,2001,2001-12-15,5:15,2:15,,OAK,27,14,14,Sat,L 6-13,,6,13,-7,19,19,37,51.4,206,0,3,4,9,34.3,22,68,3.09,0,20,28,71.4,208,1,1,2,13,89.6,27,91,3.37,0
ATL,1,2001,2001-12-16,1:00,1:00,@,IND,6,14,13,Sun,L 27-41,,27,41,-14,68,24,40,60.0,250,2,0,6,41,94.8,19,66,3.47,1,23,35,65.7,325,3,1,0,0,112.2,33,187,5.67,2
BUF,2,2001,2001-12-16,1:02,1:02,,NEW,16,14,13,Sun,L 9-12,OT,9,12,-3,21,22,44,50.0,212,0,1,1,7,54.4,28,98,3.5,0,19,35,54.3,206,0,1,5,31,59.9,27,129,4.78,0
CHI,3,2001,2001-12-16,1:02,12:02,,TAM,25,14,13,Sun,W 27-3,,27,3,24,30,14,29,48.3,172,2,1,3,18,75.6,40,207,5.18,1,18,40,45.0,177,0,2,1,14,37.2,18,61,3.39,0
CIN,4,2001,2001-12-16,1:02,1:02,@,NYJ,18,14,13,Sun,L 14-15,,14,15,-1,29,14,23,60.9,128,0,3,0,0,36.4,33,120,3.64,2,17,28,60.7,196,2,0,0,0,105.7,29,113,3.9,0
CLE,5,2001,2001-12-16,1:03,1:03,,JAX,30,14,13,Sun,L 10-15,,10,15,-5,25,21,30,70.0,173,0,1,3,11,70.6,15,47,3.13,0,20,35,57.1,154,1,2,8,48,53.7,33,128,3.88,0
IND,6,2001,2001-12-16,1:00,1:00,,ATL,1,14,13,Sun,W 41-27,,41,27,14,68,23,35,65.7,325,3,1,0,0,112.2,33,187,5.67,2,24,40,60.0,250,2,0,6,41,94.8,19,66,3.47,1
DAL,8,2001,2001-12-16,4:17,1:17,@,SEA,24,14,13,Sun,L 3-29,,3,29,-26,32,14,33,42.4,116,0,1,4,19,39.5,21,102,4.86,0,13,26,50.0,139,0,0,1,13,66.0,44,173,3.93,2
DEN,9,2001,2001-12-16,1:00,12:00,@,KAN,12,14,14,Sun,L 23-26,OT,23,26,-3,49,23,34,67.6,241,1,0,2,13,97.8,34,94,2.76,1,17,21,81.0,259,1,1,5,33,114.1,33,137,4.15,1
DET,10,2001,2001-12-16,1:02,1:02,,MIN,14,14,13,Sun,W 27-24,,27,24,3,51,15,28,53.6,202,0,0,6,39,76.8,35,167,4.77,2,18,38,47.4,234,2,2,2,9,62.8,17,80,4.71,0
GNB,11,2001,2001-12-16,4:15,3:15,@,TEN,19,14,13,Sun,L 20-26,,20,26,-6,46,20,38,52.6,192,2,1,2,7,73.6,15,31,2.07,0,25,36,69.4,256,2,0,4,27,108.1,34,167,4.91,1
JAX,30,2001,2001-12-16,1:03,1:03,@,CLE,5,14,13,Sun,W 15-10,,15,10,5,25,20,35,57.1,154,1,2,8,48,53.7,33,128,3.88,0,21,30,70.0,173,0,1,3,11,70.6,15,47,3.13,0
KAN,12,2001,2001-12-16,1:00,12:00,,DEN,9,14,13,Sun,W 26-23,OT,26,23,3,49,17,21,81.0,259,1,1,5,33,114.1,33,137,4.15,1,23,34,67.6,241,1,0,2,13,97.8,34,94,2.76,1
MIA,13,2001,2001-12-16,4:07,1:07,@,SFO,28,14,13,Sun,L 0-21,,0,21,-21,21,16,28,57.1,107,0,3,6,42,26.0,15,67,4.47,0,14,20,70.0,133,1,0,0,0,104.8,50,152,3.04,2
MIN,14,2001,2001-12-16,1:02,1:02,@,DET,10,14,13,Sun,L 24-27,,24,27,-3,51,18,38,47.4,234,2,2,2,9,62.8,17,80,4.71,0,15,28,53.6,202,0,0,6,39,76.8,35,167,4.77,2
NEW,16,2001,2001-12-16,1:02,1:02,@,BUF,2,14,14,Sun,W 12-9,OT,12,9,3,21,19,35,54.3,206,0,1,5,31,59.9,27,129,4.78,0,22,44,50.0,212,0,1,1,7,54.4,28,98,3.5,0
NYJ,18,2001,2001-12-16,1:02,1:02,,CIN,4,14,13,Sun,W 15-14,,15,14,1,29,17,28,60.7,196,2,0,0,0,105.7,29,113,3.9,0,14,23,60.9,128,0,3,0,0,36.4,33,120,3.64,2
TEN,19,2001,2001-12-16,4:15,3:15,,GNB,11,14,13,Sun,W 26-20,,26,20,6,46,25,36,69.4,256,2,0,4,27,108.1,34,167,4.91,1,20,38,52.6,192,2,1,2,7,73.6,15,31,2.07,0
PHI,20,2001,2001-12-16,4:15,4:15,@,WAS,26,14,13,Sun,W 20-6,,20,6,14,26,16,34,47.1,224,2,3,2,11,51.6,23,63,2.74,0,17,36,47.2,205,0,2,2,8,42.0,29,157,5.41,0
PIT,21,2001,2001-12-16,8:35,8:35,@,BAL,31,14,13,Sun,W 26-21,,26,21,5,47,20,31,64.5,318,2,0,3,15,120.1,39,158,4.05,1,20,38,52.6,149,2,1,2,10,68.9,13,58,4.46,1
BAL,31,2001,2001-12-16,8:35,8:35,,PIT,21,14,13,Sun,L 21-26,,21,26,-5,47,20,38,52.6,149,2,1,2,10,68.9,13,58,4.46,1,20,31,64.5,318,2,0,3,15,120.1,39,158,4.05,1
SEA,24,2001,2001-12-16,4:17,1:17,,DAL,8,14,13,Sun,W 29-3,,29,3,26,32,13,26,50.0,139,0,0,1,13,66.0,44,173,3.93,2,14,33,42.4,116,0,1,4,19,39.5,21,102,4.86,0
SFO,28,2001,2001-12-16,4:07,1:07,,MIA,13,14,13,Sun,W 21-0,,21,0,21,21,14,20,70.0,133,1,0,0,0,104.8,50,152,3.04,2,16,28,57.1,107,0,3,6,42,26.0,15,67,4.47,0
TAM,25,2001,2001-12-16,1:02,12:02,@,CHI,3,14,13,Sun,L 3-27,,3,27,-24,30,18,40,45.0,177,0,2,1,14,37.2,18,61,3.39,0,14,29,48.3,172,2,1,3,18,75.6,40,207,5.18,1
WAS,26,2001,2001-12-16,4:15,4:15,,PHI,20,14,13,Sun,L 6-20,,6,20,-14,26,17,36,47.2,205,0,2,2,8,42.0,29,157,5.41,0,16,34,47.1,224,2,3,2,11,51.6,23,63,2.74,0
NOR,15,2001,2001-12-17,9:09,8:09,,LAR,22,14,13,Mon,L 21-34,,21,34,-13,55,23,40,57.5,242,3,2,5,27,79.4,19,68,3.58,0,23,32,71.9,309,4,0,4,29,141.8,25,56,2.24,0
LAR,22,2001,2001-12-17,9:09,8:09,@,NOR,15,14,13,Mon,W 34-21,,34,21,13,55,23,32,71.9,309,4,0,4,29,141.8,25,56,2.24,0,23,40,57.5,242,3,2,5,27,79.4,19,68,3.58,0
MIA,13,2001,2001-12-22,1:35,1:35,@,NEW,16,15,14,Sat,L 13-20,,13,20,-7,33,21,37,56.8,310,1,0,2,10,93.3,19,58,3.05,0,12,20,60.0,117,1,0,3,14,93.1,44,196,4.45,1
NEW,16,2001,2001-12-22,1:35,1:35,,MIA,13,15,15,Sat,W 20-13,,20,13,7,33,12,20,60.0,117,1,0,3,14,93.1,44,196,4.45,1,21,37,56.8,310,1,0,2,10,93.3,19,58,3.05,0
TEN,19,2001,2001-12-22,9:00,6:00,@,OAK,27,15,14,Sat,W 13-10,,13,10,3,23,15,27,55.6,159,1,2,3,19,54.4,33,103,3.12,0,29,50,58.0,234,1,1,2,15,68.2,21,77,3.67,0
PHI,20,2001,2001-12-22,5:15,2:15,@,SFO,28,15,14,Sat,L 3-13,,3,13,-10,16,23,34,67.6,213,0,1,3,19,72.3,22,79,3.59,0,14,24,58.3,127,1,0,2,9,86.6,30,117,3.9,0
OAK,27,2001,2001-12-22,9:00,6:00,,TEN,19,15,14,Sat,L 10-13,,10,13,-3,23,29,50,58.0,234,1,1,2,15,68.2,21,77,3.67,0,15,27,55.6,159,1,2,3,19,54.4,33,103,3.12,0
SFO,28,2001,2001-12-22,5:15,2:15,,PHI,20,15,14,Sat,W 13-3,,13,3,10,16,14,24,58.3,127,1,0,2,9,86.6,30,117,3.9,0,23,34,67.6,213,0,1,3,19,72.3,22,79,3.59,0
ATL,1,2001,2001-12-23,1:05,1:05,,BUF,2,15,14,Sun,W 33-30,,33,30,3,63,28,40,70.0,422,2,2,1,9,100.2,29,67,2.31,1,17,31,54.8,208,1,0,0,0,86.5,21,190,9.05,2
BUF,2,2001,2001-12-23,1:05,1:05,@,ATL,1,15,14,Sun,L 30-33,,30,33,-3,63,17,31,54.8,208,1,0,0,0,86.5,21,190,9.05,2,28,40,70.0,422,2,2,1,9,100.2,29,67,2.31,1
CAR,29,2001,2001-12-23,1:02,1:02,,LAR,22,15,14,Sun,L 32-38,,32,38,-6,70,24,51,47.1,305,1,0,1,7,72.8,21,97,4.62,1,18,24,75.0,197,2,2,3,20,91.8,33,215,6.52,2
CHI,3,2001,2001-12-23,1:01,1:01,@,WAS,26,15,14,Sun,W 20-15,,20,15,5,35,14,27,51.9,125,1,0,0,0,76.9,32,112,3.5,1,23,43,53.5,204,0,0,6,32,66.4,28,89,3.18,1
CIN,4,2001,2001-12-23,1:02,1:02,@,BAL,31,15,14,Sun,L 0-16,,0,16,-16,16,16,39,41.0,131,0,3,3,22,18.2,30,150,5.0,0,16,30,53.3,148,0,0,5,33,67.1,35,157,4.49,1
CLE,5,2001,2001-12-23,4:15,3:15,@,GNB,11,15,14,Sun,L 7-30,,7,30,-23,37,22,33,66.7,169,1,3,4,34,51.2,26,168,6.46,0,18,28,64.3,139,3,0,0,0,112.1,33,222,6.73,0
IND,6,2001,2001-12-23,8:30,8:30,,NYJ,18,15,14,Sun,L 28-29,,28,29,-1,57,26,36,72.2,260,2,0,2,7,110.9,18,133,7.39,1,28,48,58.3,285,2,2,0,0,72.0,31,166,5.35,0
ARI,7,2001,2001-12-23,4:06,2:06,,DAL,8,15,14,Sun,W 17-10,,17,10,7,27,17,31,54.8,134,0,0,1,10,65.8,20,75,3.75,1,16,29,55.2,169,1,2,1,7,55.1,40,174,4.35,0
DAL,8,2001,2001-12-23,4:06,2:06,@,ARI,7,15,14,Sun,L 10-17,,10,17,-7,27,16,29,55.2,169,1,2,1,7,55.1,40,174,4.35,0,17,31,54.8,134,0,0,1,10,65.8,20,75,3.75,1
DET,10,2001,2001-12-23,1:01,1:01,@,PIT,21,15,14,Sun,L 14-47,,14,47,-33,61,12,28,42.9,77,2,1,6,41,59.2,18,74,4.11,0,17,26,65.4,214,3,0,1,12,129.3,43,215,5.0,2
GNB,11,2001,2001-12-23,4:15,3:15,,CLE,5,15,14,Sun,W 30-7,,30,7,23,37,18,28,64.3,139,3,0,0,0,112.1,33,222,6.73,0,22,33,66.7,169,1,3,4,34,51.2,26,168,6.46,0
JAX,30,2001,2001-12-23,1:00,12:00,@,MIN,14,15,14,Sun,W 33-3,,33,3,30,36,17,24,70.8,209,1,0,1,8,111.3,37,214,5.78,2,24,42,57.1,186,0,1,4,32,58.2,14,28,2.0,0
KAN,12,2001,2001-12-23,1:00,12:00,,LAC,23,15,14,Sun,W 20-17,,20,17,3,37,19,28,67.9,203,1,2,1,0,71.0,32,120,3.75,1,15,27,55.6,164,2,0,2,11,98.4,29,165,5.69,0
MIN,14,2001,2001-12-23,1:00,12:00,,JAX,30,15,14,Sun,L 3-33,,3,33,-30,36,24,42,57.1,186,0,1,4,32,58.2,14,28,2.0,0,17,24,70.8,209,1,0,1,8,111.3,37,214,5.78,2
NOR,15,2001,2001-12-23,1:01,1:01,@,TAM,25,15,14,Sun,L 21-48,,21,48,-27,69,21,38,55.3,230,3,4,3,18,60.1,13,41,3.15,0,16,31,51.6,207,3,0,0,0,105.2,39,157,4.03,1
NYG,17,2001,2001-12-23,1:03,1:03,,SEA,24,15,14,Sun,W 27-24,,27,24,3,51,30,47,63.8,332,1,0,1,6,91.8,21,88,4.19,1,15,26,57.7,161,1,1,3,24,72.8,30,98,3.27,1
NYJ,18,2001,2001-12-23,8:30,8:30,@,IND,6,15,14,Sun,W 29-28,,29,28,1,57,28,48,58.3,285,2,2,0,0,72.0,31,166,5.35,0,26,36,72.2,260,2,0,2,7,110.9,18,133,7.39,1
PIT,21,2001,2001-12-23,1:01,1:01,,DET,10,15,14,Sun,W 47-14,,47,14,33,61,17,26,65.4,214,3,0,1,12,129.3,43,215,5.0,2,12,28,42.9,77,2,1,6,41,59.2,18,74,4.11,0
LAR,22,2001,2001-12-23,1:02,1:02,@,CAR,29,15,14,Sun,W 38-32,,38,32,6,70,18,24,75.0,197,2,2,3,20,91.8,33,215,6.52,2,24,51,47.1,305,1,0,1,7,72.8,21,97,4.62,1
BAL,31,2001,2001-12-23,1:02,1:02,,CIN,4,15,14,Sun,W 16-0,,16,0,16,16,16,30,53.3,148,0,0,5,33,67.1,35,157,4.49,1,16,39,41.0,131,0,3,3,22,18.2,30,150,5.0,0
LAC,23,2001,2001-12-23,1:00,12:00,@,KAN,12,15,15,Sun,L 17-20,,17,20,-3,37,15,27,55.6,164,2,0,2,11,98.4,29,165,5.69,0,19,28,67.9,203,1,2,1,0,71.0,32,120,3.75,1
SEA,24,2001,2001-12-23,1:03,1:03,@,NYG,17,15,14,Sun,L 24-27,,24,27,-3,51,15,26,57.7,161,1,1,3,24,72.8,30,98,3.27,1,30,47,63.8,332,1,0,1,6,91.8,21,88,4.19,1
TAM,25,2001,2001-12-23,1:01,1:01,,NOR,15,15,14,Sun,W 48-21,,48,21,27,69,16,31,51.6,207,3,0,0,0,105.2,39,157,4.03,1,21,38,55.3,230,3,4,3,18,60.1,13,41,3.15,0
WAS,26,2001,2001-12-23,1:01,1:01,,CHI,3,15,14,Sun,L 15-20,,15,20,-5,35,23,43,53.5,204,0,0,6,32,66.4,28,89,3.18,1,14,27,51.9,125,1,0,0,0,76.9,32,112,3.5,1
BAL,31,2001,2001-12-29,9:07,9:07,@,TAM,25,16,15,Sat,L 10-22,,10,22,-12,32,21,37,56.8,167,1,2,5,38,54.7,26,90,3.46,0,13,29,44.8,90,0,0,0,0,52.4,31,123,3.97,2
TAM,25,2001,2001-12-29,9:07,9:07,,BAL,31,16,15,Sat,W 22-10,,22,10,12,32,13,29,44.8,90,0,0,0,0,52.4,31,123,3.97,2,21,37,56.8,167,1,2,5,38,54.7,26,90,3.46,0
ATL,1,2001,2001-12-30,1:02,1:02,@,MIA,13,16,15,Sun,L 14-21,,14,21,-7,35,18,31,58.1,236,1,3,4,29,53.4,37,152,4.11,1,16,29,55.2,176,2,1,3,15,82.0,20,50,2.5,0
BUF,2,2001,2001-12-30,1:03,1:03,@,NYJ,18,16,15,Sun,W 14-9,,14,9,5,23,16,27,59.3,176,1,0,1,9,91.0,40,192,4.8,1,19,37,51.4,227,0,2,0,0,47.9,23,148,6.43,0
CAR,29,2001,2001-12-30,1:02,1:02,,ARI,7,16,15,Sun,L 7-30,,7,30,-23,37,36,63,57.1,223,1,1,0,0,63.1,20,95,4.75,0,12,24,50.0,173,2,0,0,0,101.6,33,158,4.79,0
CHI,3,2001,2001-12-30,1:03,1:03,@,DET,10,16,15,Sun,W 24-0,,24,0,24,24,17,30,56.7,243,2,0,1,9,105.3,30,83,2.77,0,31,52,59.6,268,0,3,6,35,49.2,14,64,4.57,0
CIN,4,2001,2001-12-30,1:02,1:02,,PIT,21,16,15,Sun,W 26-23,OT,26,23,3,49,35,68,51.5,403,2,1,2,8,73.3,29,141,4.86,0,19,35,54.3,240,3,4,2,11,64.9,28,73,2.61,0
CLE,5,2001,2001-12-30,1:03,12:03,@,TEN,19,16,15,Sun,W 41-38,,41,38,3,79,20,27,74.1,322,3,1,3,14,135.1,29,87,3.0,2,16,26,61.5,264,2,1,1,10,105.3,35,188,5.37,3
IND,6,2001,2001-12-30,1:02,12:02,@,LAR,22,16,15,Sun,L 17-42,,17,42,-25,59,15,28,53.6,178,0,1,2,17,58.3,22,83,3.77,2,23,30,76.7,359,3,1,2,0,135.3,29,124,4.28,3
ARI,7,2001,2001-12-30,1:02,1:02,@,CAR,29,16,15,Sun,W 30-7,,30,7,23,37,12,24,50.0,173,2,0,0,0,101.6,33,158,4.79,0,36,63,57.1,223,1,1,0,0,63.1,20,95,4.75,0
DAL,8,2001,2001-12-30,1:03,12:03,,SFO,28,16,15,Sun,W 27-21,,27,21,6,48,15,25,60.0,234,2,0,1,7,117.7,44,186,4.23,1,21,36,58.3,229,2,0,0,0,95.7,18,56,3.11,1
DEN,9,2001,2001-12-30,4:15,2:15,,OAK,27,16,15,Sun,W 23-17,,23,17,6,40,19,26,73.1,125,1,0,4,17,95.8,25,106,4.24,1,35,49,71.4,283,2,2,3,30,82.3,16,51,3.19,0
DET,10,2001,2001-12-30,1:03,1:03,,CHI,3,16,15,Sun,L 0-24,,0,24,-24,24,31,52,59.6,268,0,3,6,35,49.2,14,64,4.57,0,17,30,56.7,243,2,0,1,9,105.3,30,83,2.77,0
GNB,11,2001,2001-12-30,1:02,12:02,,MIN,14,16,15,Sun,W 24-13,,24,13,11,37,18,29,62.1,157,0,0,2,12,76.4,20,56,2.8,2,11,30,36.7,103,1,3,1,11,18.5,44,199,4.52,0
JAX,30,2001,2001-12-30,1:05,1:05,,KAN,12,16,15,Sun,L 26-30,,26,30,-4,56,22,37,59.5,249,1,1,4,34,77.4,26,182,7.0,2,26,35,74.3,273,2,2,2,21,91.7,31,92,2.97,1
KAN,12,2001,2001-12-30,1:05,1:05,@,JAX,30,16,15,Sun,W 30-26,,30,26,4,56,26,35,74.3,273,2,2,2,21,91.7,31,92,2.97,1,22,37,59.5,249,1,1,4,34,77.4,26,182,7.0,2
MIA,13,2001,2001-12-30,1:02,1:02,,ATL,1,16,15,Sun,W 21-14,,21,14,7,35,16,29,55.2,176,2,1,3,15,82.0,20,50,2.5,0,18,31,58.1,236,1,3,4,29,53.4,37,152,4.11,1
MIN,14,2001,2001-12-30,1:02,12:02,@,GNB,11,16,15,Sun,L 13-24,,13,24,-11,37,11,30,36.7,103,1,3,1,11,18.5,44,199,4.52,0,18,29,62.1,157,0,0,2,12,76.4,20,56,2.8,2
NOR,15,2001,2001-12-30,8:36,7:36,,WAS,26,16,15,Sun,L 10-40,,10,40,-30,50,14,28,50.0,113,1,3,4,14,32.9,23,100,4.35,0,9,15,60.0,90,0,1,2,4,49.3,44,173,3.93,4
NYG,17,2001,2001-12-30,4:06,4:06,@,PHI,20,16,15,Sun,L 21-24,,21,24,-3,45,22,39,56.4,291,1,0,2,12,88.7,26,129,4.96,1,21,39,53.8,241,3,1,4,29,87.7,23,120,5.22,0
NYJ,18,2001,2001-12-30,1:03,1:03,,BUF,2,16,15,Sun,L 9-14,,9,14,-5,23,19,37,51.4,227,0,2,0,0,47.9,23,148,6.43,0,16,27,59.3,176,1,0,1,9,91.0,40,192,4.8,1
TEN,19,2001,2001-12-30,1:03,12:03,,CLE,5,16,15,Sun,L 38-41,,38,41,-3,79,16,26,61.5,264,2,1,1,10,105.3,35,188,5.37,3,20,27,74.1,322,3,1,3,14,135.1,29,87,3.0,2
PHI,20,2001,2001-12-30,4:06,4:06,,NYG,17,16,15,Sun,W 24-21,,24,21,3,45,21,39,53.8,241,3,1,4,29,87.7,23,120,5.22,0,22,39,56.4,291,1,0,2,12,88.7,26,129,4.96,1
PIT,21,2001,2001-12-30,1:02,1:02,@,CIN,4,16,15,Sun,L 23-26,OT,23,26,-3,49,19,35,54.3,240,3,4,2,11,64.9,28,73,2.61,0,35,68,51.5,403,2,1,2,8,73.3,29,141,4.86,0
OAK,27,2001,2001-12-30,4:15,2:15,@,DEN,9,16,15,Sun,L 17-23,,17,23,-6,40,35,49,71.4,283,2,2,3,30,82.3,16,51,3.19,0,19,26,73.1,125,1,0,4,17,95.8,25,106,4.24,1
LAR,22,2001,2001-12-30,1:02,12:02,,IND,6,16,15,Sun,W 42-17,,42,17,25,59,23,30,76.7,359,3,1,2,0,135.3,29,124,4.28,3,15,28,53.6,178,0,1,2,17,58.3,22,83,3.77,2
LAC,23,2001,2001-12-30,4:15,1:15,,SEA,24,16,16,Sun,L 22-25,,22,25,-3,47,34,53,64.2,346,1,2,4,31,73.3,16,52,3.25,0,14,23,60.9,246,3,0,3,21,137.0,25,61,2.44,0
SEA,24,2001,2001-12-30,4:15,1:15,@,LAC,23,16,15,Sun,W 25-22,,25,22,3,47,14,23,60.9,246,3,0,3,21,137.0,25,61,2.44,0,34,53,64.2,346,1,2,4,31,73.3,16,52,3.25,0
SFO,28,2001,2001-12-30,1:03,12:03,@,DAL,8,16,15,Sun,L 21-27,,21,27,-6,48,21,36,58.3,229,2,0,0,0,95.7,18,56,3.11,1,15,25,60.0,234,2,0,1,7,117.7,44,186,4.23,1
WAS,26,2001,2001-12-30,8:36,7:36,@,NOR,15,16,15,Sun,W 40-10,,40,10,30,50,9,15,60.0,90,0,1,2,4,49.3,44,173,3.93,4,14,28,50.0,113,1,3,4,14,32.9,23,100,4.35,0
ATL,1,2001,2002-01-06,4:05,3:05,@,LAR,22,17,16,Sun,L 13-31,,13,31,-18,44,12,30,40.0,159,0,1,5,17,43.6,21,96,4.57,0,25,30,83.3,266,3,3,2,14,97.4,29,192,6.62,1
BUF,2,2001,2002-01-06,4:17,4:17,@,MIA,13,17,16,Sun,L 7-34,,7,34,-27,41,18,40,45.0,211,1,3,2,9,38.6,17,39,2.29,0,9,16,56.3,87,1,0,3,23,92.4,43,202,4.7,2
CAR,29,2001,2002-01-06,1:02,1:02,,NEW,16,17,16,Sun,L 6-38,,6,38,-32,44,15,36,41.7,129,0,3,3,15,17.0,26,193,7.42,0,17,29,58.6,196,1,2,1,2,61.9,36,102,2.83,1
CHI,3,2001,2002-01-06,1:02,12:02,,JAX,30,17,16,Sun,W 33-13,,33,13,20,46,19,29,65.5,153,1,0,1,6,90.2,40,169,4.23,2,19,36,52.8,146,2,3,4,43,46.8,16,91,5.69,0
CIN,4,2001,2002-01-06,1:03,12:03,@,TEN,19,17,16,Sun,W 23-21,,23,21,2,44,28,48,58.3,336,0,2,1,4,62.5,27,100,3.7,2,18,32,56.3,272,2,0,3,35,105.2,23,57,2.48,1
CLE,5,2001,2002-01-06,1:01,1:01,@,PIT,21,17,16,Sun,L 7-28,,7,28,-21,35,13,26,50.0,105,0,2,4,45,28.5,19,68,3.58,1,14,24,58.3,155,1,3,2,14,51.9,36,221,6.14,2
IND,6,2001,2002-01-06,1:00,1:00,,DEN,9,17,16,Sun,W 29-10,,29,10,19,39,16,30,53.3,184,2,1,1,7,80.4,35,151,4.31,0,16,32,50.0,104,1,4,5,47,28.1,25,115,4.6,0
ARI,7,2001,2002-01-06,1:01,1:01,@,WAS,26,17,16,Sun,L 17-20,,17,20,-3,37,11,25,44.0,142,0,1,2,12,45.7,17,45,2.65,1,14,26,53.8,162,1,1,0,0,69.7,49,178,3.63,1
DAL,8,2001,2002-01-06,1:03,1:03,@,DET,10,17,16,Sun,L 10-15,,10,15,-5,25,11,26,42.3,158,0,1,0,0,46.6,27,106,3.93,1,24,40,60.0,242,2,0,0,0,94.0,28,124,4.43,0
DEN,9,2001,2002-01-06,1:00,1:00,@,IND,6,17,16,Sun,L 10-29,,10,29,-19,39,16,32,50.0,104,1,4,5,47,28.1,25,115,4.6,0,16,30,53.3,184,2,1,1,7,80.4,35,151,4.31,0
DET,10,2001,2002-01-06,1:03,1:03,,DAL,8,17,16,Sun,W 15-10,,15,10,5,25,24,40,60.0,242,2,0,0,0,94.0,28,124,4.43,0,11,26,42.3,158,0,1,0,0,46.6,27,106,3.93,1
GNB,11,2001,2002-01-06,1:04,1:04,@,NYG,17,17,16,Sun,W 34-25,,34,25,9,59,15,30,50.0,308,2,0,1,7,108.7,26,105,4.04,2,36,59,61.0,378,1,2,1,8,71.2,21,146,6.95,2
JAX,30,2001,2002-01-06,1:02,12:02,@,CHI,3,17,16,Sun,L 13-33,,13,33,-20,46,19,36,52.8,146,2,3,4,43,46.8,16,91,5.69,0,19,29,65.5,153,1,0,1,6,90.2,40,169,4.23,2
KAN,12,2001,2002-01-06,4:16,1:16,@,SEA,24,17,16,Sun,L 18-21,,18,21,-3,39,15,33,45.5,182,1,1,3,2,60.4,28,126,4.5,1,22,39,56.4,239,2,2,1,9,70.4,33,150,4.55,1
MIA,13,2001,2002-01-06,4:17,4:17,,BUF,2,17,16,Sun,W 34-7,,34,7,27,41,9,16,56.3,87,1,0,3,23,92.4,43,202,4.7,2,18,40,45.0,211,1,3,2,9,38.6,17,39,2.29,0
NOR,15,2001,2002-01-06,12:03,12:03,,SFO,28,17,16,Sun,L 0-38,,0,38,-38,38,21,34,61.8,86,0,4,3,33,26.5,17,40,2.35,0,16,23,69.6,269,4,0,2,15,148.4,41,138,3.37,1
NEW,16,2001,2002-01-06,1:02,1:02,@,CAR,29,17,16,Sun,W 38-6,,38,6,32,44,17,29,58.6,196,1,2,1,2,61.9,36,102,2.83,1,15,36,41.7,129,0,3,3,15,17.0,26,193,7.42,0
NYG,17,2001,2002-01-06,1:04,1:04,,GNB,11,17,16,Sun,L 25-34,,25,34,-9,59,36,59,61.0,378,1,2,1,8,71.2,21,146,6.95,2,15,30,50.0,308,2,0,1,7,108.7,26,105,4.04,2
NYJ,18,2001,2002-01-06,4:15,1:15,@,OAK,27,17,16,Sun,W 24-22,,24,22,2,46,18,29,62.1,208,1,2,3,22,66.5,22,94,4.27,1,23,38,60.5,218,1,0,1,6,85.2,30,119,3.97,1
TEN,19,2001,2002-01-06,1:03,12:03,,CIN,4,17,16,Sun,L 21-23,,21,23,-2,44,18,32,56.3,272,2,0,3,35,105.2,23,57,2.48,1,28,48,58.3,336,0,2,1,4,62.5,27,100,3.7,2
PHI,20,2001,2002-01-06,8:30,8:30,@,TAM,25,17,16,Sun,W 17-13,,17,13,4,30,15,28,53.6,185,2,2,1,9,68.3,25,111,4.44,0,22,32,68.8,165,0,1,3,29,67.8,25,71,2.84,1
PIT,21,2001,2002-01-06,1:01,1:01,,CLE,5,17,16,Sun,W 28-7,,28,7,21,35,14,24,58.3,155,1,3,2,14,51.9,36,221,6.14,2,13,26,50.0,105,0,2,4,45,28.5,19,68,3.58,1
OAK,27,2001,2002-01-06,4:15,1:15,,NYJ,18,17,16,Sun,L 22-24,,22,24,-2,46,23,38,60.5,218,1,0,1,6,85.2,30,119,3.97,1,18,29,62.1,208,1,2,3,22,66.5,22,94,4.27,1
LAR,22,2001,2002-01-06,4:05,3:05,,ATL,1,17,16,Sun,W 31-13,,31,13,18,44,25,30,83.3,266,3,3,2,14,97.4,29,192,6.62,1,12,30,40.0,159,0,1,5,17,43.6,21,96,4.57,0
SEA,24,2001,2002-01-06,4:16,1:16,,KAN,12,17,16,Sun,W 21-18,,21,18,3,39,22,39,56.4,239,2,2,1,9,70.4,33,150,4.55,1,15,33,45.5,182,1,1,3,2,60.4,28,126,4.5,1
SFO,28,2001,2002-01-06,12:03,12:03,@,NOR,15,17,16,Sun,W 38-0,,38,0,38,38,16,23,69.6,269,4,0,2,15,148.4,41,138,3.37,1,21,34,61.8,86,0,4,3,33,26.5,17,40,2.35,0
TAM,25,2001,2002-01-06,8:30,8:30,,PHI,20,17,16,Sun,L 13-17,,13,17,-4,30,22,32,68.8,165,0,1,3,29,67.8,25,71,2.84,1,15,28,53.6,185,2,2,1,9,68.3,25,111,4.44,0
WAS,26,2001,2002-01-06,1:01,1:01,,ARI,7,17,16,Sun,W 20-17,,20,17,3,37,14,26,53.8,162,1,1,0,0,69.7,49,178,3.63,1,11,25,44.0,142,0,1,2,12,45.7,17,45,2.65,1
MIN,14,2001,2002-01-07,9:07,9:07,@,BAL,31,17,16,Mon,L 3-19,,3,19,-16,22,14,30,46.7,93,0,2,5,22,26.1,21,86,4.1,0,10,27,37.0,139,0,0,2,21,54.4,42,212,5.05,0
BAL,31,2001,2002-01-07,9:07,9:07,,MIN,14,17,16,Mon,W 19-3,,19,3,16,22,10,27,37.0,139,0,0,2,21,54.4,42,212,5.05,0,14,30,46.7,93,0,2,5,22,26.1,21,86,4.1,0
NYJ,18,2001,2002-01-12,8:07,5:07,@,OAK,27,18,17,Sat,L 24-38,,24,38,-14,62,26,40,65.0,265,3,0,1,3,108.9,23,145,6.3,0,23,29,79.3,287,2,0,1,7,130.9,31,215,6.94,2
PHI,20,2001,2002-01-12,4:39,4:39,,TAM,25,18,17,Sat,W 31-9,,31,9,22,40,16,25,64.0,186,2,1,3,8,96.4,29,148,5.1,1,22,36,61.1,195,0,4,1,7,36.0,24,63,2.63,0
OAK,27,2001,2002-01-12,8:07,5:07,,NYJ,18,18,17,Sat,W 38-24,,38,24,14,62,23,29,79.3,287,2,0,1,7,130.9,31,215,6.94,2,26,40,65.0,265,3,0,1,3,108.9,23,145,6.3,0
TAM,25,2001,2002-01-12,4:39,4:39,@,PHI,20,18,17,Sat,L 9-31,,9,31,-22,40,22,36,61.1,195,0,4,1,7,36.0,24,63,2.63,0,16,25,64.0,186,2,1,3,8,96.4,29,148,5.1,1
GNB,11,2001,2002-01-13,12:35,11:35,,SFO,28,18,17,Sun,W 25-15,,25,15,10,40,22,29,75.9,262,2,1,1,7,111.6,28,106,3.79,1,22,32,68.8,219,1,1,2,14,85.3,21,71,3.38,1
MIA,13,2001,2002-01-13,4:05,4:05,,BAL,31,18,17,Sun,L 3-20,,3,20,-17,23,15,28,53.6,105,0,1,3,17,47.5,15,46,3.07,0,12,18,66.7,121,1,0,1,12,104.2,50,226,4.52,1
BAL,31,2001,2002-01-13,4:05,4:05,@,MIA,13,18,17,Sun,W 20-3,,20,3,17,23,12,18,66.7,121,1,0,1,12,104.2,50,226,4.52,1,15,28,53.6,105,0,1,3,17,47.5,15,46,3.07,0
SFO,28,2001,2002-01-13,12:35,11:35,@,GNB,11,18,17,Sun,L 15-25,,15,25,-10,40,22,32,68.8,219,1,1,2,14,85.3,21,71,3.38,1,22,29,75.9,262,2,1,1,7,111.6,28,106,3.79,1
CHI,3,2001,2002-01-19,4:37,3:37,,PHI,20,19,17,Sat,L 19-33,,19,33,-14,52,11,22,50.0,73,0,3,2,16,18.0,23,111,4.83,1,26,40,65.0,249,2,1,2,13,88.4,31,87,2.81,1
NEW,16,2001,2002-01-19,8:05,8:05,,OAK,27,19,17,Sat,W 16-13,OT,16,13,3,29,32,52,61.5,297,0,1,2,15,69.2,30,68,2.27,1,17,31,54.8,153,1,0,1,6,79.1,30,77,2.57,0
PHI,20,2001,2002-01-19,4:37,3:37,@,CHI,3,19,18,Sat,W 33-19,,33,19,14,52,26,40,65.0,249,2,1,2,13,88.4,31,87,2.81,1,11,22,50.0,73,0,3,2,16,18.0,23,111,4.83,1
OAK,27,2001,2002-01-19,8:05,8:05,@,NEW,16,19,18,Sat,L 13-16,OT,13,16,-3,29,17,31,54.8,153,1,0,1,6,79.1,30,77,2.57,0,32,52,61.5,297,0,1,2,15,69.2,30,68,2.27,1
GNB,11,2001,2002-01-20,4:15,3:15,@,LAR,22,19,18,Sun,L 17-45,,17,45,-28,62,26,44,59.1,265,2,6,2,16,52.0,22,118,5.36,0,18,30,60.0,201,2,1,2,15,88.3,22,91,4.14,1
PIT,21,2001,2002-01-20,12:40,12:40,,BAL,31,19,17,Sun,W 27-10,,27,10,17,37,12,22,54.5,143,1,1,2,11,70.8,49,154,3.14,2,18,37,48.6,128,0,3,3,25,23.3,11,22,2.0,0
LAR,22,2001,2002-01-20,4:15,3:15,,GNB,11,19,17,Sun,W 45-17,,45,17,28,62,18,30,60.0,201,2,1,2,15,88.3,22,91,4.14,1,26,44,59.1,265,2,6,2,16,52.0,22,118,5.36,0
BAL,31,2001,2002-01-20,12:40,12:40,@,PIT,21,19,18,Sun,L 10-27,,10,27,-17,37,18,37,48.6,128,0,3,3,25,23.3,11,22,2.0,0,12,22,54.5,143,1,1,2,11,70.8,49,154,3.14,2
NEW,16,2001,2002-01-27,12:40,12:40,@,PIT,21,20,18,Sun,W 24-17,,24,17,7,41,22,39,56.4,192,1,0,4,25,78.2,25,67,2.68,0,24,42,57.1,248,0,3,3,7,44.5,22,58,2.64,2
PHI,20,2001,2002-01-27,4:27,3:27,@,LAR,22,20,19,Sun,L 24-29,,24,29,-5,53,18,30,60.0,146,1,1,3,25,69.6,22,110,5.0,2,22,33,66.7,210,1,0,1,2,94.3,33,161,4.88,2
PIT,21,2001,2002-01-27,12:40,12:40,,NEW,16,20,18,Sun,L 17-24,,17,24,-7,41,24,42,57.1,248,0,3,3,7,44.5,22,58,2.64,2,22,39,56.4,192,1,0,4,25,78.2,25,67,2.68,0
LAR,22,2001,2002-01-27,4:27,3:27,,PHI,20,20,18,Sun,W 29-24,,29,24,5,53,22,33,66.7,210,1,0,1,2,94.3,33,161,4.88,2,18,30,60.0,146,1,1,3,25,69.6,22,110,5.0,2
NEW,16,2001,2002-02-03,6:40,5:40,N,LAR,22,20,19,Sun,W 20-17,,20,17,3,37,16,27,59.3,134,1,0,2,11,84.5,25,133,5.32,0,28,44,63.6,337,1,2,3,28,75.7,22,90,4.09,1
LAR,22,2001,2002-02-03,6:40,5:40,N,NEW,16,20,19,Sun,L 17-20,,17,20,-3,37,28,44,63.6,337,1,2,3,28,75.7,22,90,4.09,1,16,27,59.3,134,1,0,2,11,84.5,25,133,5.32,0
