School,Team Code,Date,G,Loc,Opponent,Team Code opp,WL,Pass Comp,Pass Att,Pass Pct,Pass Yard,Pass TD,Rush Att,Rush Yard,Rush Avg,Rush TD,Total Plays,Total Yards,Total Yards Avg,Total TD,Total Points,Point Diff
Arizona,95,2019-08-24,1,@,Hawaii,87,L,22,39,56.4,361,3,32,178,5.6,2,71,539,7.6,5,38,-7
Florida,110,2019-08-24,1,N,Miami (FL),19,W,17,27,63.0,254,2,27,52,1.9,1,54,306,5.7,3,24,4
Hawaii,87,2019-08-24,1,,Arizona,95,W,34,48,70.8,436,5,30,159,5.3,1,78,595,7.6,6,45,7
Miami (FL),19,2019-08-24,1,N,Florida,110,L,19,30,63.3,214,1,36,94,2.6,1,66,308,4.7,2,20,-4
Arizona St.,96,2019-08-29,1,,Kent State,77,W,15,24,62.5,284,2,46,171,3.7,1,70,455,6.5,3,30,23
Bowling Green,73,2019-08-29,1,,Morgan State,177,W,25,38,65.8,294,4,60,333,5.6,2,98,627,6.4,6,46,43
BYU,66,2019-08-29,1,,Utah,104,L,21,33,63.6,208,0,22,92,4.2,1,55,300,5.5,1,12,-18
Buffalo,74,2019-08-29,1,,Robert Morris (PA),197,W,5,10,50.0,69,2,47,285,6.1,3,57,354,6.2,5,38,28
Central Michigan,75,2019-08-29,1,,Albany,152,W,27,37,73.0,285,3,47,244,5.2,2,84,529,6.3,5,38,17
Charlotte,51,2019-08-29,1,,Gardner-Webb,146,W,18,28,64.3,186,2,46,322,7.0,4,74,508,6.9,7,49,21
Cincinnati,2,2019-08-29,1,,UCLA,102,W,18,26,69.2,242,2,49,175,3.6,1,75,417,5.6,3,24,10
Clemson,14,2019-08-29,1,,Georgia Tech,17,W,18,30,60.0,221,2,49,411,8.4,5,79,632,8.0,7,52,38
Connecticut,3,2019-08-29,1,,Wagner,200,W,14,21,66.7,158,0,60,234,3.9,3,81,392,4.8,3,24,3
Florida Intl,53,2019-08-29,1,@,Tulane,11,L,19,34,55.9,208,1,26,59,2.3,1,60,267,4.5,2,14,-28
Georgia Tech,17,2019-08-29,1,@,Clemson,14,L,7,18,38.9,137,1,45,157,3.5,1,63,294,4.7,2,14,-38
Kent State,77,2019-08-29,1,@,Arizona St.,96,L,12,24,50.0,80,1,40,120,3.0,0,64,200,3.1,1,7,-23
Minnesota,33,2019-08-29,1,,South Dakota State,188,W,13,18,72.2,176,1,42,132,3.1,2,60,308,5.1,4,28,7
San Jose St.,91,2019-08-29,1,,Northern Colorado,138,W,21,31,67.7,224,2,33,158,4.8,3,64,382,6.0,5,35,17
Texas A&M,119,2019-08-29,1,,Texas St.,128,W,23,36,63.9,232,3,36,246,6.8,2,72,478,6.6,5,41,34
Texas St.,128,2019-08-29,1,@,Texas A&M,119,L,29,46,63.0,211,1,15,8,0.5,0,61,219,3.6,1,7,-34
Tulane,11,2019-08-29,1,,Florida Intl,53,W,15,19,78.9,195,2,49,350,7.1,4,68,545,8.0,6,42,28
UAB,61,2019-08-29,1,,Alabama State,248,W,8,20,40.0,114,1,46,176,3.8,1,66,290,4.4,3,24,5
Central Florida,1,2019-08-29,1,,Florida A&M,175,W,23,38,60.5,356,6,56,338,6.0,2,94,694,7.4,8,62,62
UCLA,102,2019-08-29,1,@,Cincinnati,2,L,8,26,30.8,156,2,36,62,1.7,0,62,218,3.5,2,14,-10
Utah,104,2019-08-29,1,@,BYU,66,W,13,16,81.3,106,0,48,262,5.5,2,64,368,5.8,4,30,18
Western Kentucky,64,2019-08-29,1,,Central Arkansas,237,L,26,39,66.7,304,1,35,184,5.3,3,74,488,6.6,4,28,-7
Army,65,2019-08-30,1,,Rice,59,W,3,8,37.5,53,1,56,231,4.1,1,64,284,4.4,2,14,7
Colorado,98,2019-08-30,1,N,Colorado St.,85,W,13,20,65.0,232,2,40,243,6.1,4,60,475,7.9,7,52,21
Colorado St.,85,2019-08-30,1,N,Colorado,98,L,31,47,66.0,374,3,31,131,4.2,1,78,505,6.5,4,31,-21
Massachusetts,68,2019-08-30,1,@,Rutgers,39,L,22,37,59.5,121,1,34,183,5.4,2,71,304,4.3,3,21,-27
Michigan St.,32,2019-08-30,1,,Tulsa,12,W,22,38,57.9,195,1,40,108,2.7,0,78,303,3.9,2,28,21
Nevada,88,2019-08-30,1,,Purdue,38,W,30,52,57.7,295,3,25,109,4.4,1,77,404,5.2,4,34,3
Oklahoma St.,46,2019-08-30,1,@,Oregon St.,100,W,19,24,79.2,203,3,52,352,6.8,4,76,555,7.3,7,52,16
Oregon St.,100,2019-08-30,1,,Oklahoma St.,46,L,26,49,53.1,281,4,37,167,4.5,1,86,448,5.2,5,36,-16
Purdue,38,2019-08-30,1,@,Nevada,88,L,34,52,65.4,423,4,29,96,3.3,0,81,519,6.4,4,31,-3
Rice,59,2019-08-30,1,@,Army,65,L,7,14,50.0,62,0,30,181,6.0,1,44,243,5.5,1,7,-7
Rutgers,39,2019-08-30,1,,Massachusetts,68,W,22,32,68.8,348,2,43,206,4.8,4,75,554,7.4,6,48,27
South Florida,9,2019-08-30,1,,Wisconsin,40,L,16,33,48.5,131,0,23,26,1.1,0,56,157,2.8,0,0,-49
Tulsa,12,2019-08-30,1,@,Michigan St.,32,L,16,27,59.3,153,1,25,-73,-2.9,0,52,80,1.5,1,7,-21
Utah St.,93,2019-08-30,1,@,Wake Forest,26,L,33,48,68.8,416,3,31,180,5.8,2,79,596,7.5,5,35,-3
Wake Forest,26,2019-08-30,1,,Utah St.,93,W,34,47,72.3,401,3,58,178,3.1,2,105,579,5.5,5,38,3
Wisconsin,40,2019-08-30,1,@,South Florida,9,W,19,26,73.1,199,2,43,234,5.4,4,69,433,6.3,7,49,49
Air Force,83,2019-08-31,1,,Colgate,211,W,1,1,100.0,41,0,65,423,6.5,7,66,464,7.0,7,48,41
Akron,71,2019-08-31,1,@,Illinois,27,L,12,28,42.9,128,0,38,64,1.7,0,66,192,2.9,0,3,-39
Alabama,107,2019-08-31,1,N,Duke,15,W,30,36,83.3,367,4,42,145,3.5,2,78,512,6.6,6,42,39
Appalachian St.,121,2019-08-31,1,,East Tennessee St.,229,W,17,25,68.0,167,3,41,277,6.8,3,66,444,6.7,6,42,35
Arkansas,108,2019-08-31,1,,Portland State,139,W,18,35,51.4,191,0,42,204,4.9,2,77,395,5.1,2,20,7
Arkansas St.,122,2019-08-31,1,,SMU,8,L,32,50,64.0,324,4,24,90,3.8,0,74,414,5.6,4,30,-7
Auburn,109,2019-08-31,1,N,Oregon,99,W,13,32,40.6,177,2,43,206,4.8,1,75,383,5.1,3,27,6
Ball St.,72,2019-08-31,1,N,Indiana,28,L,26,41,63.4,298,2,40,100,2.5,1,81,398,4.9,3,24,-10
Baylor,41,2019-08-31,1,,Stephen F. Austin,246,W,26,37,70.3,250,4,37,268,7.2,4,74,518,7.0,8,56,39
Boise St.,84,2019-08-31,1,@,Florida St.,16,W,30,51,58.8,407,1,57,214,3.8,2,108,621,5.8,3,36,5
Boston College,13,2019-08-31,1,,Virginia Tech,25,W,15,27,55.6,275,2,48,157,3.3,3,75,432,5.8,5,35,7
California,97,2019-08-31,1,,UC Davis,142,W,16,28,57.1,238,2,51,233,4.6,1,79,471,6.0,3,27,14
Coastal Carolina,123,2019-08-31,1,,Eastern Michigan,76,L,29,43,67.4,304,2,30,74,2.5,0,73,378,5.2,2,23,-7
Duke,15,2019-08-31,1,N,Alabama,107,L,12,22,54.5,97,0,32,107,3.3,0,54,204,3.8,0,3,-39
East Carolina,4,2019-08-31,1,@,NC State,20,L,26,45,57.8,228,0,29,41,1.4,0,74,269,3.6,0,6,-28
Eastern Michigan,76,2019-08-31,1,@,Coastal Carolina,123,W,20,22,90.9,188,3,35,103,2.9,1,57,291,5.1,4,30,7
Florida Atlantic,52,2019-08-31,1,@,Ohio St.,36,L,26,40,65.0,206,1,33,22,0.7,1,73,228,3.1,2,21,-24
Florida St.,16,2019-08-31,1,,Boise St.,84,L,23,34,67.6,327,3,28,99,3.5,1,62,426,6.9,4,31,-5
Fresno St.,86,2019-08-31,1,@,USC,103,L,19,39,48.7,256,2,40,206,5.2,0,79,462,5.8,2,23,-8
Georgia,111,2019-08-31,1,@,Vanderbilt,120,W,15,23,65.2,156,1,40,323,8.1,2,63,479,7.6,3,30,24
Georgia Southern,124,2019-08-31,1,@,LSU,113,L,4,11,36.4,24,0,39,74,1.9,0,50,98,2.0,0,3,-52
Georgia St.,125,2019-08-31,1,@,Tennessee,118,W,11,24,45.8,139,2,53,213,4.0,3,77,352,4.6,5,38,8
Illinois,27,2019-08-31,1,,Akron,71,W,15,25,60.0,194,3,46,207,4.5,3,71,401,5.6,6,42,39
Indiana,28,2019-08-31,1,N,Ball St.,72,W,24,41,58.5,326,1,33,148,4.5,2,74,474,6.4,3,34,10
Iowa,29,2019-08-31,1,,Miami (OH),78,W,21,30,70.0,252,3,41,213,5.2,2,71,465,6.5,5,38,24
Iowa St.,42,2019-08-31,1,,Northern Iowa,186,W,30,41,73.2,278,2,45,185,4.1,1,86,463,5.4,3,29,3
Kansas,43,2019-08-31,1,,Indiana State,183,W,20,29,69.0,241,2,34,103,3.0,0,63,344,5.5,3,24,7
Kansas St.,44,2019-08-31,1,,Nicholls State,242,W,16,22,72.7,212,1,58,361,6.2,5,80,573,7.2,7,49,35
Kentucky,112,2019-08-31,1,,Toledo,81,W,19,26,73.1,246,2,39,176,4.5,3,65,422,6.5,6,38,14
Liberty,67,2019-08-31,1,,Syracuse,23,L,21,42,50.0,238,0,34,-4,-0.1,0,76,234,3.1,0,0,-24
Louisiana,126,2019-08-31,1,N,Mississippi St.,114,L,24,40,60.0,267,1,38,163,4.3,3,78,430,5.5,4,28,-10
Louisiana Tech,54,2019-08-31,1,@,Texas,48,L,35,54,64.8,340,2,26,73,2.8,0,80,413,5.2,2,14,-31
UL Monroe,130,2019-08-31,1,,Grambling,251,W,20,28,71.4,186,1,39,315,8.1,3,67,501,7.5,4,31,22
LSU,113,2019-08-31,1,,Georgia Southern,124,W,30,39,76.9,350,5,33,122,3.7,2,72,472,6.6,7,55,52
Marshall,55,2019-08-31,1,,VMI,233,W,24,36,66.7,340,5,46,280,6.1,2,82,620,7.6,8,56,39
Maryland,30,2019-08-31,1,,Howard,176,W,17,30,56.7,306,5,48,317,6.6,5,78,623,8.0,11,79,79
Memphis,6,2019-08-31,1,,Ole Miss,116,W,23,31,74.2,172,0,51,192,3.8,2,82,364,4.4,2,15,5
Miami (OH),78,2019-08-31,1,@,Iowa,29,L,17,27,63.0,186,2,25,59,2.4,0,52,245,4.7,2,14,-24
Michigan,31,2019-08-31,1,,Middle Tennessee,56,W,19,33,57.6,220,3,45,233,5.2,2,78,453,5.8,5,40,19
Middle Tennessee,56,2019-08-31,1,@,Michigan,31,L,26,41,63.4,234,2,28,67,2.4,1,69,301,4.4,3,21,-19
Mississippi St.,114,2019-08-31,1,N,Louisiana,126,W,20,30,66.7,236,2,40,261,6.5,3,70,497,7.1,5,38,10
Missouri,115,2019-08-31,1,@,Wyoming,94,L,31,48,64.6,423,2,42,114,2.7,2,90,537,6.0,4,31,-6
Navy,7,2019-08-31,1,,Holy Cross,214,W,6,9,66.7,103,0,67,428,6.4,6,76,531,7.0,6,45,38
Nebraska,34,2019-08-31,1,,South Alabama,127,W,13,22,59.1,178,0,44,98,2.2,2,66,276,4.2,5,35,14
New Mexico,89,2019-08-31,1,,Sam Houston State,244,W,18,40,45.0,340,0,32,145,4.5,4,72,485,6.7,4,39,8
New Mexico State,69,2019-08-31,1,@,Washington St.,106,L,28,42,66.7,221,0,25,96,3.8,1,67,317,4.7,1,7,-51
North Carolina,21,2019-08-31,1,N,South Carolina,117,W,15,24,62.5,245,2,52,238,4.6,0,76,483,6.4,2,24,4
NC State,20,2019-08-31,1,,East Carolina,4,W,26,39,66.7,314,1,31,191,6.2,3,70,505,7.2,4,34,28
North Texas,57,2019-08-31,1,,Abilene Christian,236,W,28,38,73.7,383,4,34,192,5.6,1,72,575,8.0,6,51,20
Northern Illinois,79,2019-08-31,1,,Illinois State,182,W,20,33,60.6,299,2,35,90,2.6,0,68,389,5.7,3,24,14
Northwestern,35,2019-08-31,1,@,Stanford,101,L,12,27,44.4,117,0,33,93,2.8,1,60,210,3.5,1,7,-10
Ohio,80,2019-08-31,1,,Rhode Island,158,W,16,23,69.6,188,2,38,278,7.3,3,61,466,7.6,5,41,21
Ohio St.,36,2019-08-31,1,,Florida Atlantic,52,W,19,26,73.1,232,4,48,237,4.9,2,74,469,6.3,6,45,24
Old Dominion,58,2019-08-31,1,,Norfolk State,178,W,17,24,70.8,158,0,39,134,3.4,3,63,292,4.6,3,24,3
Ole Miss,116,2019-08-31,1,@,Memphis,6,L,9,19,47.4,93,0,33,80,2.4,1,52,173,3.3,1,10,-5
Oregon,99,2019-08-31,1,N,Auburn,109,L,28,37,75.7,242,1,33,90,2.7,2,70,332,4.7,3,21,-6
Penn State,37,2019-08-31,1,,Idaho,133,W,25,37,67.6,342,3,45,331,7.4,7,82,673,8.2,10,79,72
Pittsburgh,22,2019-08-31,1,,Virginia,24,L,21,41,51.2,185,1,30,78,2.6,1,71,263,3.7,2,14,-16
San Diego St.,90,2019-08-31,1,,Weber State,143,W,16,30,53.3,108,0,43,130,3.0,0,73,238,3.3,0,6,6
SMU,8,2019-08-31,1,@,Arkansas St.,122,W,30,49,61.2,360,0,45,148,3.3,3,94,508,5.4,4,37,7
South Alabama,127,2019-08-31,1,@,Nebraska,34,L,19,35,54.3,231,2,44,83,1.9,1,79,314,4.0,3,21,-14
South Carolina,117,2019-08-31,1,N,North Carolina,21,L,16,30,53.3,142,1,31,128,4.1,1,61,270,4.4,2,20,-4
Southern Miss,60,2019-08-31,1,,Alcorn State,249,W,18,28,64.3,293,1,31,96,3.1,1,59,389,6.6,4,38,28
Stanford,101,2019-08-31,1,,Northwestern,35,W,23,34,67.6,233,1,39,132,3.4,0,73,365,5.0,2,17,10
Syracuse,23,2019-08-31,1,@,Liberty,67,W,17,35,48.6,176,0,44,192,4.4,3,79,368,4.7,3,24,24
Temple,10,2019-08-31,1,,Bucknell,210,W,36,46,78.3,507,5,36,188,5.2,3,82,695,8.5,8,56,44
Tennessee,118,2019-08-31,1,,Georgia St.,125,L,26,40,65.0,311,2,31,93,3.0,1,71,404,5.7,3,30,-8
Texas,48,2019-08-31,1,,Louisiana Tech,54,W,31,43,72.1,301,4,30,153,5.1,2,73,454,6.2,6,45,31
TCU,47,2019-08-31,1,,Arkansas-Pine Bluff,250,W,26,45,57.8,284,1,36,200,5.6,2,81,484,6.0,3,39,32
Texas Tech,49,2019-08-31,1,,Montana State,136,W,40,55,72.7,436,2,40,255,6.4,4,95,691,7.3,6,45,35
Toledo,81,2019-08-31,1,@,Kentucky,112,L,11,25,44.0,166,0,39,181,4.6,3,64,347,5.4,3,24,-14
Troy,129,2019-08-31,1,,Campbell,144,W,18,29,62.1,282,2,37,245,6.6,3,66,527,8.0,5,43,29
UNLV,92,2019-08-31,1,,Southern Utah,141,W,18,28,64.3,203,1,45,331,7.4,7,73,534,7.3,8,56,33
USC,103,2019-08-31,1,,Fresno St.,86,W,31,42,73.8,272,1,36,175,4.9,2,78,447,5.7,4,31,8
UTEP,62,2019-08-31,1,,Houston Baptist,238,W,10,20,50.0,268,1,46,240,5.2,3,66,508,7.7,4,36,2
UTSA,63,2019-08-31,1,,Incarnate Word,239,W,28,37,75.7,206,3,47,284,6.0,2,84,490,5.8,5,35,28
Vanderbilt,120,2019-08-31,1,,Georgia,111,L,16,32,50.0,109,0,30,116,3.9,0,62,225,3.6,0,6,-24
Virginia,24,2019-08-31,1,@,Pittsburgh,22,W,20,34,58.8,181,2,33,129,3.9,1,67,310,4.6,3,30,16
Virginia Tech,25,2019-08-31,1,@,Boston College,13,L,29,47,61.7,344,4,42,98,2.3,0,89,442,5.0,4,28,-7
Washington,105,2019-08-31,1,,Eastern Washington,132,W,28,38,73.7,370,4,43,200,4.7,2,81,570,7.0,6,47,33
Washington St.,106,2019-08-31,1,,New Mexico State,69,W,39,49,79.6,507,6,20,111,5.6,1,69,618,9.0,7,58,51
West Virginia,50,2019-08-31,1,,James Madison,155,W,27,42,64.3,260,2,24,34,1.4,0,66,294,4.5,2,20,7
Western Michigan,82,2019-08-31,1,,Monmouth,149,W,20,25,80.0,368,5,33,90,2.7,1,58,458,7.9,6,48,35
Wyoming,94,2019-08-31,1,,Missouri,115,W,6,16,37.5,92,0,42,297,7.1,3,58,389,6.7,4,37,6
Houston,5,2019-09-01,1,@,Oklahoma,45,L,14,27,51.9,167,2,42,241,5.7,2,69,408,5.9,4,31,-18
Oklahoma,45,2019-09-01,1,,Houston,5,W,20,24,83.3,332,3,37,354,9.6,4,61,686,11.2,7,49,18
Louisville,18,2019-09-02,1,,Notre Dame,70,L,12,28,42.9,134,0,46,258,5.6,2,74,392,5.3,2,17,-18
Notre Dame,70,2019-09-02,1,@,Louisville,18,W,14,23,60.9,193,1,42,230,5.5,4,65,423,6.5,5,35,18
Arizona St.,96,2019-09-06,2,,Sacramento State,140,W,17,27,63.0,304,1,39,91,2.3,0,66,395,6.0,1,19,12
Boise St.,84,2019-09-06,2,,Marshall,55,W,22,34,64.7,282,1,47,155,3.3,1,81,437,5.4,2,14,7
Marshall,55,2019-09-06,2,@,Boise St.,84,L,10,18,55.6,56,0,25,116,4.6,1,43,172,4.0,1,7,-7
Rice,59,2019-09-06,2,,Wake Forest,26,L,22,35,62.9,254,1,37,67,1.8,2,72,321,4.5,3,21,-20
Virginia,24,2019-09-06,2,,William & Mary,163,W,25,36,69.4,295,2,35,216,6.2,3,71,511,7.2,7,52,35
Wake Forest,26,2019-09-06,2,@,Rice,59,W,21,27,77.8,312,3,35,201,5.7,2,62,513,8.3,5,41,20
Akron,71,2019-09-07,2,,UAB,61,L,25,44,56.8,359,2,29,34,1.2,1,73,393,5.4,3,20,-11
Alabama,107,2019-09-07,2,,New Mexico State,69,W,21,33,63.6,285,4,32,318,9.9,4,65,603,9.3,8,62,52
Appalachian St.,121,2019-09-07,2,,Charlotte,51,W,14,20,70.0,182,3,39,276,7.1,3,59,458,7.8,8,56,15
Arizona,95,2019-09-07,2,,Northern Arizona,137,W,23,28,82.1,289,5,46,431,9.4,4,74,720,9.7,9,65,24
Arkansas,108,2019-09-07,2,@,Ole Miss,116,L,25,41,61.0,300,1,26,61,2.3,0,67,361,5.4,2,17,-14
Arkansas St.,122,2019-09-07,2,@,UNLV,92,W,22,37,59.5,284,2,43,214,5.0,2,80,498,6.2,5,43,26
Army,65,2019-09-07,2,@,Michigan,31,L,2,5,40.0,43,0,61,200,3.3,3,66,243,3.7,3,21,-3
Auburn,109,2019-09-07,2,,Tulane,11,W,19,37,51.4,207,1,45,172,3.8,2,82,379,4.6,3,24,18
Ball St.,72,2019-09-07,2,,Fordham,212,W,33,42,78.6,444,6,33,152,4.6,2,75,596,7.9,8,57,28
Baylor,41,2019-09-07,2,,UTSA,63,W,16,23,69.6,178,3,39,368,9.4,5,62,546,8.8,9,63,49
Boston College,13,2019-09-07,2,,Richmond,159,W,9,16,56.3,172,3,50,346,6.9,3,66,518,7.8,6,45,32
Bowling Green,73,2019-09-07,2,@,Kansas St.,44,L,11,24,45.8,79,0,20,61,3.1,0,44,140,3.2,0,0,-52
BYU,66,2019-09-07,2,@,Tennessee,118,W,19,30,63.3,232,1,30,107,3.6,2,60,339,5.7,3,29,3
Buffalo,74,2019-09-07,2,@,Penn State,37,L,16,32,50.0,245,1,58,184,3.2,0,90,429,4.8,1,13,-32
California,97,2019-09-07,2,@,Washington,105,W,11,18,61.1,111,0,38,192,5.1,2,56,303,5.4,2,20,1
Central Michigan,75,2019-09-07,2,@,Wisconsin,40,L,9,24,37.5,43,0,20,32,1.6,0,44,75,1.7,0,0,-61
Charlotte,51,2019-09-07,2,@,Appalachian St.,121,L,20,31,64.5,296,4,40,230,5.8,2,71,526,7.4,6,41,-15
Cincinnati,2,2019-09-07,2,@,Ohio St.,36,L,13,23,56.5,166,0,34,107,3.1,0,57,273,4.8,0,0,-42
Clemson,14,2019-09-07,2,,Texas A&M,119,W,24,35,68.6,268,1,33,121,3.7,2,68,389,5.7,3,24,14
Coastal Carolina,123,2019-09-07,2,@,Kansas,43,W,8,14,57.1,119,1,49,172,3.5,1,63,291,4.6,2,12,5
Colorado,98,2019-09-07,2,,Nebraska,34,W,28,41,68.3,375,2,37,89,2.4,2,78,464,5.9,4,34,3
Colorado St.,85,2019-09-07,2,,Western Illinois,190,W,26,33,78.8,396,4,36,189,5.3,1,69,585,8.5,5,38,25
Connecticut,3,2019-09-07,2,,Illinois,27,L,21,31,67.7,275,0,29,10,0.3,1,60,285,4.8,2,23,-8
Duke,15,2019-09-07,2,,North Carolina A&T,179,W,31,44,70.5,364,4,46,210,4.6,2,90,574,6.4,6,45,32
East Carolina,4,2019-09-07,2,,Gardner-Webb,146,W,19,31,61.3,209,1,51,365,7.2,5,82,574,7.0,6,48,39
Eastern Michigan,76,2019-09-07,2,@,Kentucky,112,L,34,53,64.2,337,2,22,49,2.2,0,75,386,5.1,2,17,-21
Florida,110,2019-09-07,2,,Tennessee-Martin,209,W,30,36,83.3,312,3,38,231,6.1,3,74,543,7.3,6,45,45
Florida Atlantic,52,2019-09-07,2,,Central Florida,1,L,18,40,45.0,177,0,47,137,2.9,1,87,314,3.6,1,14,-34
Florida Intl,53,2019-09-07,2,,Western Kentucky,64,L,5,18,27.8,66,0,46,151,3.3,1,64,217,3.4,2,14,-6
Florida St.,16,2019-09-07,2,,UL Monroe,130,W,30,40,75.0,282,3,50,219,4.4,3,90,501,5.6,6,45,1
Fresno St.,86,2019-09-07,2,,Minnesota,33,L,24,35,68.6,288,3,27,57,2.1,1,62,345,5.6,4,35,-3
Georgia,111,2019-09-07,2,,Murray State,205,W,20,25,80.0,292,3,40,269,6.7,5,65,561,8.6,9,63,46
Georgia Southern,124,2019-09-07,2,,Maine,156,W,4,9,44.4,63,0,52,395,7.6,2,61,458,7.5,2,26,8
Georgia St.,125,2019-09-07,2,,Furman,230,W,29,37,78.4,362,5,39,204,5.2,1,76,566,7.4,6,48,6
Georgia Tech,17,2019-09-07,2,,South Florida,9,W,14,21,66.7,76,0,49,181,3.7,2,70,257,3.7,2,14,4
Hawaii,87,2019-09-07,2,,Oregon St.,100,W,30,52,57.7,421,4,25,67,2.7,0,77,488,6.3,4,31,3
Houston,5,2019-09-07,2,,Prairie View A&M,254,W,16,27,59.3,144,1,42,236,5.6,3,69,380,5.5,4,37,20
Illinois,27,2019-09-07,2,@,Connecticut,3,W,24,35,68.6,227,4,33,133,4.0,0,68,360,5.3,4,31,8
Indiana,28,2019-09-07,2,,Eastern Illinois,202,W,30,41,73.2,441,4,34,114,3.4,3,75,555,7.4,7,52,52
Iowa,29,2019-09-07,2,,Rutgers,39,W,19,34,55.9,244,3,39,194,5.0,0,73,438,6.0,3,30,30
Kansas,43,2019-09-07,2,,Coastal Carolina,123,L,13,19,68.4,107,0,37,173,4.7,1,56,280,5.0,1,7,-5
Kansas St.,44,2019-09-07,2,,Bowling Green,73,W,14,19,73.7,188,2,58,333,5.7,5,77,521,6.8,7,52,52
Kent State,77,2019-09-07,2,,Kennesaw State,148,W,17,23,73.9,192,1,36,145,4.0,1,59,337,5.7,2,26,3
Kentucky,112,2019-09-07,2,,Eastern Michigan,76,W,20,36,55.6,222,2,39,239,6.1,3,75,461,6.1,5,38,21
Liberty,67,2019-09-07,2,@,Louisiana,126,L,22,39,56.4,219,1,28,142,5.1,1,67,361,5.4,2,14,-21
Louisiana,126,2019-09-07,2,,Liberty,67,W,16,25,64.0,186,2,46,407,8.8,3,71,593,8.4,5,35,21
Louisiana Tech,54,2019-09-07,2,,Grambling,251,W,17,25,68.0,220,1,41,170,4.1,1,66,390,5.9,2,20,6
UL Monroe,130,2019-09-07,2,@,Florida St.,16,L,23,38,60.5,241,2,41,178,4.3,3,79,419,5.3,6,44,-1
Louisville,18,2019-09-07,2,,Eastern Kentucky,203,W,13,20,65.0,220,4,38,322,8.5,2,58,542,9.3,6,42,42
LSU,113,2019-09-07,2,@,Texas,48,W,31,39,79.5,471,1,29,102,3.5,0,68,573,8.4,1,45,7
Maryland,30,2019-09-07,2,,Syracuse,23,W,21,38,55.3,296,3,45,354,7.9,6,83,650,7.8,9,63,43
Massachusetts,68,2019-09-07,2,,Southern Illinois,189,L,15,27,55.6,198,1,47,123,2.6,2,74,321,4.3,3,20,-25
Memphis,6,2019-09-07,2,,Southern,255,W,23,28,82.1,398,2,42,177,4.2,4,70,575,8.2,7,55,31
Miami (FL),19,2019-09-07,2,@,North Carolina,21,L,30,39,76.9,309,2,37,179,4.8,1,76,488,6.4,3,25,-3
Miami (OH),78,2019-09-07,2,,Tennessee Tech,208,W,11,18,61.1,159,0,40,190,4.8,5,58,349,6.0,6,48,31
Michigan,31,2019-09-07,2,,Army,65,W,20,31,64.5,232,0,45,108,2.4,3,76,340,4.5,3,24,3
Michigan St.,32,2019-09-07,2,,Western Michigan,82,W,24,33,72.7,331,3,34,251,7.4,3,67,582,8.7,6,51,34
Middle Tennessee,56,2019-09-07,2,,Tennessee State,207,W,22,30,73.3,367,4,28,237,8.5,2,58,604,10.4,6,45,19
Minnesota,33,2019-09-07,2,@,Fresno St.,86,W,16,23,69.6,234,2,52,146,2.8,3,75,380,5.1,5,38,3
Mississippi St.,114,2019-09-07,2,,Southern Miss,60,W,16,21,76.2,176,2,41,210,5.1,3,62,386,6.2,5,38,23
Missouri,115,2019-09-07,2,,West Virginia,50,W,17,28,60.7,150,3,50,232,4.6,1,78,382,4.9,5,38,31
Nebraska,34,2019-09-07,2,@,Colorado,98,L,16,26,61.5,290,2,46,179,3.9,2,72,469,6.5,4,31,-3
Nevada,88,2019-09-07,2,@,Oregon,99,L,16,28,57.1,109,0,40,83,2.1,0,68,192,2.8,0,6,-71
New Mexico State,69,2019-09-07,2,@,Alabama,107,L,21,36,58.3,161,1,33,101,3.1,0,69,262,3.8,1,10,-52
North Carolina,21,2019-09-07,2,,Miami (FL),19,W,17,25,68.0,292,2,36,97,2.7,1,61,389,6.4,3,28,3
NC State,20,2019-09-07,2,,Western Carolina,234,W,22,33,66.7,231,1,53,309,5.8,4,86,540,6.3,5,41,41
North Texas,57,2019-09-07,2,@,SMU,8,L,22,38,57.9,185,2,42,211,5.0,1,80,396,5.0,3,27,-22
Northern Illinois,79,2019-09-07,2,@,Utah,104,L,21,31,67.7,235,1,25,67,2.7,1,56,302,5.4,2,17,-18
Ohio,80,2019-09-07,2,@,Pittsburgh,22,L,15,27,55.6,177,0,29,35,1.2,1,56,212,3.8,1,10,-10
Ohio St.,36,2019-09-07,2,,Cincinnati,2,W,22,27,81.5,238,2,46,270,5.9,4,73,508,7.0,6,42,42
Oklahoma,45,2019-09-07,2,,South Dakota,187,W,24,30,80.0,423,6,39,310,7.9,3,69,733,10.6,10,70,56
Oklahoma St.,46,2019-09-07,2,,McNeese State,241,W,23,32,71.9,413,5,44,167,3.8,2,76,580,7.6,8,56,42
Old Dominion,58,2019-09-07,2,@,Virginia Tech,25,L,16,30,53.3,122,0,42,203,4.8,2,72,325,4.5,2,17,-14
Ole Miss,116,2019-09-07,2,,Arkansas,108,W,16,24,66.7,246,2,53,237,4.5,2,77,483,6.3,4,31,14
Oregon,99,2019-09-07,2,,Nevada,88,W,27,35,77.1,402,7,39,221,5.7,3,74,623,8.4,11,77,71
Oregon St.,100,2019-09-07,2,@,Hawaii,87,L,15,33,45.5,169,1,43,263,6.1,3,76,432,5.7,4,28,-3
Penn State,37,2019-09-07,2,,Buffalo,74,W,16,22,72.7,279,4,24,78,3.3,1,46,357,7.8,6,45,32
Pittsburgh,22,2019-09-07,2,,Ohio,80,W,26,37,70.3,321,1,37,160,4.3,1,74,481,6.5,2,20,10
Purdue,38,2019-09-07,2,,Vanderbilt,120,W,34,52,65.4,509,5,17,34,2.0,1,69,543,7.9,6,42,18
Rutgers,39,2019-09-07,2,@,Iowa,29,L,9,26,34.6,41,0,23,84,3.7,0,49,125,2.6,0,0,-30
San Diego St.,90,2019-09-07,2,@,UCLA,102,W,23,31,74.2,293,1,47,80,1.7,1,78,373,4.8,2,23,9
San Jose St.,91,2019-09-07,2,,Tulsa,12,L,21,37,56.8,233,1,31,115,3.7,1,68,348,5.1,2,16,-18
SMU,8,2019-09-07,2,,North Texas,57,W,21,31,67.7,292,3,39,211,5.4,4,70,503,7.2,7,49,22
South Alabama,127,2019-09-07,2,,Jackson State,252,W,12,19,63.2,125,1,60,413,6.9,4,79,538,6.8,5,37,23
South Carolina,117,2019-09-07,2,,Charleston Southern,145,W,25,31,80.6,282,2,38,493,13.0,8,69,775,11.2,10,72,62
South Florida,9,2019-09-07,2,@,Georgia Tech,17,L,16,25,64.0,169,1,30,93,3.1,0,55,262,4.8,1,10,-4
Southern Miss,60,2019-09-07,2,@,Mississippi St.,114,L,18,26,69.2,234,2,27,110,4.1,0,53,344,6.5,2,15,-23
Stanford,101,2019-09-07,2,@,USC,103,L,22,36,61.1,237,1,30,98,3.3,1,66,335,5.1,2,20,-25
Syracuse,23,2019-09-07,2,@,Maryland,30,L,28,41,68.3,330,3,29,70,2.4,0,70,400,5.7,3,20,-43
Tennessee,118,2019-09-07,2,,BYU,66,L,17,28,60.7,176,2,49,242,4.9,0,77,418,5.4,2,26,-3
Texas,48,2019-09-07,2,,LSU,113,L,32,48,66.7,409,4,37,121,3.3,0,85,530,6.2,4,38,-7
Texas A&M,119,2019-09-07,2,@,Clemson,14,L,24,42,57.1,236,1,27,53,2.0,0,69,289,4.2,1,10,-14
Texas St.,128,2019-09-07,2,,Wyoming,94,L,33,54,61.1,394,1,22,50,2.3,1,76,444,5.8,2,14,-9
Texas Tech,49,2019-09-07,2,,UTEP,62,W,31,47,66.0,264,3,29,149,5.1,2,76,413,5.4,5,38,35
Tulane,11,2019-09-07,2,@,Auburn,109,L,10,34,29.4,103,0,30,120,4.0,0,64,223,3.5,0,6,-18
Tulsa,12,2019-09-07,2,@,San Jose St.,91,W,21,28,75.0,283,1,54,256,4.7,3,82,539,6.6,4,34,18
UAB,61,2019-09-07,2,@,Akron,71,W,15,24,62.5,319,4,34,83,2.4,0,58,402,6.9,4,31,11
Central Florida,1,2019-09-07,2,@,Florida Atlantic,52,W,8,20,40.0,262,2,47,312,6.6,5,67,574,8.6,7,48,34
UCLA,102,2019-09-07,2,,San Diego St.,90,L,24,35,68.6,199,1,32,62,1.9,1,67,261,3.9,2,14,-9
UNLV,92,2019-09-07,2,,Arkansas St.,122,L,11,26,42.3,112,1,42,188,4.5,1,68,300,4.4,2,17,-26
USC,103,2019-09-07,2,,Stanford,101,W,28,33,84.8,377,3,28,115,4.1,3,61,492,8.1,6,45,25
Utah,104,2019-09-07,2,,Northern Illinois,79,W,14,19,73.7,214,1,37,193,5.2,4,56,407,7.3,5,35,18
Utah St.,93,2019-09-07,2,,Stony Brook,160,W,35,45,77.8,392,3,42,325,7.7,4,87,717,8.2,8,62,55
UTEP,62,2019-09-07,2,@,Texas Tech,49,L,7,19,36.8,54,0,38,77,2.0,0,57,131,2.3,0,3,-35
UTSA,63,2019-09-07,2,@,Baylor,41,L,17,30,56.7,102,0,36,164,4.6,2,66,266,4.0,2,14,-49
Vanderbilt,120,2019-09-07,2,@,Purdue,38,L,31,48,64.6,420,2,27,71,2.6,1,75,491,6.5,3,24,-18
Virginia Tech,25,2019-09-07,2,,Old Dominion,58,W,16,28,57.1,272,2,39,131,3.4,2,67,403,6.0,4,31,14
Washington,105,2019-09-07,2,,California,97,L,18,30,60.0,162,0,46,186,4.0,1,76,348,4.6,1,19,-1
Washington St.,106,2019-09-07,2,,Northern Colorado,138,W,33,42,78.6,481,5,15,113,7.5,3,57,594,10.4,8,59,42
West Virginia,50,2019-09-07,2,@,Missouri,115,L,16,27,59.3,141,1,32,30,0.9,0,59,171,2.9,1,7,-31
Western Kentucky,64,2019-09-07,2,@,Florida Intl,53,W,19,33,57.6,241,1,35,98,2.8,1,68,339,5.0,2,20,6
Western Michigan,82,2019-09-07,2,@,Michigan St.,32,L,27,41,65.9,285,2,27,67,2.5,0,68,352,5.2,2,17,-34
Wisconsin,40,2019-09-07,2,,Central Michigan,75,W,31,39,79.5,400,3,43,199,4.6,5,82,599,7.3,8,61,61
Wyoming,94,2019-09-07,2,@,Texas St.,128,W,8,18,44.4,103,0,49,190,3.9,1,67,293,4.4,2,23,9
Boston College,13,2019-09-13,3,,Kansas,43,L,21,41,51.2,219,2,47,228,4.9,1,88,447,5.1,3,24,-24
Houston,5,2019-09-13,3,N,Washington St.,106,L,13,24,54.2,128,1,39,239,6.1,2,63,367,5.8,3,24,-7
Kansas,43,2019-09-13,3,@,Boston College,13,W,20,27,74.1,238,3,45,329,7.3,3,72,567,7.9,6,48,24
North Carolina,21,2019-09-13,3,@,Wake Forest,26,L,18,30,60.0,189,2,37,144,3.9,0,67,333,5.0,2,18,-6
Wake Forest,26,2019-09-13,3,,North Carolina,21,W,14,26,53.8,214,1,48,222,4.6,2,74,436,5.9,3,24,6
Washington St.,106,2019-09-13,3,N,Houston,5,W,36,48,75.0,440,3,19,49,2.6,1,67,489,7.3,4,31,7
Air Force,83,2019-09-14,2,@,Colorado,98,W,7,12,58.3,155,2,52,289,5.6,2,64,444,6.9,4,30,7
Akron,71,2019-09-14,3,@,Central Michigan,75,L,29,47,61.7,282,3,29,47,1.6,0,76,329,4.3,3,24,-21
Alabama,107,2019-09-14,3,@,South Carolina,117,W,31,39,79.5,495,5,25,76,3.0,1,64,571,8.9,6,47,24
Arizona,95,2019-09-14,3,,Texas Tech,49,W,14,23,60.9,185,1,61,314,5.1,3,84,499,5.9,4,28,14
Arizona St.,96,2019-09-14,3,@,Michigan St.,32,W,15,26,57.7,140,0,26,76,2.9,1,52,216,4.2,1,10,3
Arkansas,108,2019-09-14,3,,Colorado St.,85,W,20,35,57.1,305,3,35,215,6.1,3,70,520,7.4,7,55,21
Arkansas St.,122,2019-09-14,3,@,Georgia,111,L,23,40,57.5,177,0,28,43,1.5,0,68,220,3.2,0,0,-55
Army,65,2019-09-14,3,@,UTSA,63,W,2,2,100.0,18,0,55,340,6.2,4,57,358,6.3,4,31,18
Auburn,109,2019-09-14,3,,Kent State,77,W,13,17,76.5,166,1,62,467,7.5,6,79,633,8.0,7,55,39
Ball St.,72,2019-09-14,3,,Florida Atlantic,52,L,26,38,68.4,303,3,35,169,4.8,0,73,472,6.5,4,31,-10
Boise St.,84,2019-09-14,3,,Portland State,139,W,21,37,56.8,341,4,31,150,4.8,1,68,491,7.2,6,45,35
Bowling Green,73,2019-09-14,3,,Louisiana Tech,54,L,18,38,47.4,171,0,47,119,2.5,1,85,290,3.4,1,7,-28
BYU,66,2019-09-14,3,,USC,103,W,21,34,61.8,299,1,40,131,3.3,2,74,430,5.8,3,30,3
Buffalo,74,2019-09-14,3,@,Liberty,67,L,15,33,45.5,167,2,44,206,4.7,0,77,373,4.8,2,17,-18
California,97,2019-09-14,3,,North Texas,57,W,9,22,40.9,129,1,48,149,3.1,1,70,278,4.0,2,23,6
Central Michigan,75,2019-09-14,3,,Akron,71,W,21,32,65.6,344,2,34,189,5.6,3,66,533,8.1,5,45,21
Charlotte,51,2019-09-14,3,,Massachusetts,68,W,13,16,81.3,195,3,40,338,8.5,3,56,533,9.5,7,52,35
Cincinnati,2,2019-09-14,3,,Miami (OH),78,W,14,30,46.7,186,2,48,234,4.9,3,78,420,5.4,5,35,22
Clemson,14,2019-09-14,3,@,Syracuse,23,W,23,42,54.8,391,3,29,221,7.6,2,71,612,8.6,5,41,35
Coastal Carolina,123,2019-09-14,3,,Norfolk State,178,W,14,30,46.7,120,2,59,401,6.8,4,89,521,5.9,6,46,39
Colorado,98,2019-09-14,3,,Air Force,83,L,26,43,60.5,220,2,32,105,3.3,1,75,325,4.3,3,23,-7
Colorado St.,85,2019-09-14,3,@,Arkansas,108,L,20,33,60.6,205,2,38,220,5.8,2,71,425,6.0,4,34,-21
Duke,15,2019-09-14,3,@,Middle Tennessee,56,W,24,27,88.9,237,4,45,226,5.0,1,72,463,6.4,5,41,23
East Carolina,4,2019-09-14,3,@,Navy,7,L,11,23,47.8,138,0,29,84,2.9,1,52,222,4.3,1,10,-32
Eastern Michigan,76,2019-09-14,3,@,Illinois,27,W,23,36,63.9,316,3,40,164,4.1,1,76,480,6.3,4,34,3
Florida,110,2019-09-14,3,@,Kentucky,112,W,21,30,70.0,300,1,26,138,5.3,3,56,438,7.8,4,29,8
Florida Atlantic,52,2019-09-14,3,@,Ball St.,72,W,33,41,80.5,366,4,43,141,3.3,2,84,507,6.0,6,41,10
Florida Intl,53,2019-09-14,3,,New Hampshire,157,W,12,19,63.2,127,0,52,310,6.0,3,71,437,6.2,4,30,13
Florida St.,16,2019-09-14,3,@,Virginia,24,L,22,37,59.5,234,3,29,95,3.3,0,66,329,5.0,3,24,-7
Georgia,111,2019-09-14,3,,Arkansas St.,122,W,26,33,78.8,388,3,33,268,8.1,4,66,656,9.9,7,55,55
Georgia Southern,124,2019-09-14,3,@,Minnesota,33,L,5,9,55.6,75,0,33,123,3.7,2,42,198,4.7,4,32,-3
Georgia St.,125,2019-09-14,3,@,Western Michigan,82,L,11,25,44.0,126,1,41,210,5.1,0,66,336,5.1,1,10,-47
Georgia Tech,17,2019-09-14,3,,Citadel,228,L,7,13,53.8,118,1,33,183,5.5,2,46,301,6.5,3,24,-3
Hawaii,87,2019-09-14,3,@,Washington,105,L,26,47,55.3,254,1,34,141,4.1,2,81,395,4.9,4,20,-32
Illinois,27,2019-09-14,3,,Eastern Michigan,76,L,22,37,59.5,297,2,40,167,4.2,2,77,464,6.0,4,31,-3
Indiana,28,2019-09-14,3,,Ohio St.,36,L,21,36,58.3,215,1,31,42,1.4,0,67,257,3.8,1,10,-41
Iowa,29,2019-09-14,3,@,Iowa St.,42,W,22,35,62.9,201,0,37,112,3.0,1,72,313,4.3,1,18,1
Iowa St.,42,2019-09-14,2,,Iowa,29,L,25,35,71.4,327,2,19,91,4.8,0,54,418,7.7,2,17,-1
Kansas St.,44,2019-09-14,3,@,Mississippi St.,114,W,10,18,55.6,123,1,35,146,4.2,2,53,269,5.1,4,31,7
Kent State,77,2019-09-14,3,@,Auburn,109,L,18,36,50.0,229,2,32,92,2.9,0,68,321,4.7,2,16,-39
Kentucky,112,2019-09-14,3,,Florida,110,L,23,35,65.7,267,2,41,140,3.4,1,76,407,5.4,3,21,-8
Liberty,67,2019-09-14,3,,Buffalo,74,W,23,30,76.7,325,4,25,79,3.2,1,55,404,7.3,5,35,18
Louisiana,126,2019-09-14,3,,Texas Southern,256,W,22,29,75.9,308,3,42,440,10.5,8,71,748,10.5,11,77,71
Louisiana Tech,54,2019-09-14,3,@,Bowling Green,73,W,24,32,75.0,324,2,36,129,3.6,2,68,453,6.7,5,35,28
Louisville,18,2019-09-14,3,N,Western Kentucky,64,W,10,16,62.5,205,3,51,210,4.1,1,67,415,6.2,5,38,17
LSU,113,2019-09-14,3,,Northwestern State,243,W,29,33,87.9,488,2,34,123,3.6,6,67,611,9.1,9,65,51
Marshall,55,2019-09-14,3,,Ohio,80,W,17,28,60.7,206,2,46,305,6.6,2,74,511,6.9,4,33,2
Maryland,30,2019-09-14,3,@,Temple,10,L,16,39,41.0,179,1,46,161,3.5,1,85,340,4.0,2,17,-3
Massachusetts,68,2019-09-14,3,@,Charlotte,51,L,18,27,66.7,127,1,36,135,3.8,0,63,262,4.2,2,17,-35
Memphis,6,2019-09-14,3,@,South Alabama,127,W,14,22,63.6,218,3,45,312,6.9,1,67,530,7.9,5,42,36
Miami (FL),19,2019-09-14,3,,Bethune-Cookman,173,W,26,34,76.5,333,4,37,257,6.9,5,71,590,8.3,9,63,63
Miami (OH),78,2019-09-14,3,@,Cincinnati,2,L,10,18,55.6,143,0,40,64,1.6,1,58,207,3.6,1,13,-22
Michigan St.,32,2019-09-14,3,,Arizona St.,96,L,24,39,61.5,291,0,35,113,3.2,1,74,404,5.5,1,7,-3
Middle Tennessee,56,2019-09-14,3,,Duke,15,L,19,27,70.4,201,2,32,138,4.3,0,59,339,5.7,2,18,-23
Minnesota,33,2019-09-14,3,,Georgia Southern,124,W,19,31,61.3,289,3,48,93,1.9,2,79,382,4.8,5,35,3
Mississippi St.,114,2019-09-14,3,,Kansas St.,44,L,11,27,40.7,151,1,44,201,4.6,2,71,352,5.0,3,24,-7
Missouri,115,2019-09-14,3,,Southeast Missouri,206,W,16,25,64.0,242,1,40,259,6.5,3,65,501,7.7,6,50,50
Navy,7,2019-09-14,2,,East Carolina,4,W,6,8,75.0,153,2,64,315,4.9,4,72,468,6.5,6,42,32
Nebraska,34,2019-09-14,3,,Northern Illinois,79,W,19,32,59.4,287,2,33,238,7.2,4,65,525,8.1,6,44,36
Nevada,88,2019-09-14,3,,Weber State,143,W,31,45,68.9,300,0,41,154,3.8,1,86,454,5.3,1,19,6
New Mexico,89,2019-09-14,2,@,Notre Dame,70,L,10,29,34.5,151,0,46,212,4.6,2,75,363,4.8,2,14,-52
New Mexico State,69,2019-09-14,3,,San Diego St.,90,L,26,41,63.4,299,1,24,30,1.3,0,65,329,5.1,1,10,-21
NC State,20,2019-09-14,3,@,West Virginia,50,L,24,49,49.0,225,2,37,144,3.9,1,86,369,4.3,3,27,-17
North Texas,57,2019-09-14,3,@,California,97,L,21,40,52.5,210,2,31,119,3.8,0,71,329,4.6,2,17,-6
Northern Illinois,79,2019-09-14,3,@,Nebraska,34,L,28,49,57.1,276,0,32,74,2.3,0,81,350,4.3,0,8,-36
Northwestern,35,2019-09-14,2,,UNLV,92,W,12,25,48.0,165,1,50,276,5.5,2,75,441,5.9,3,30,16
Notre Dame,70,2019-09-14,2,,New Mexico,89,W,17,27,63.0,434,6,38,157,4.1,2,65,591,9.1,9,66,52
Ohio,80,2019-09-14,3,@,Marshall,55,L,15,26,57.7,215,3,31,223,7.2,1,57,438,7.7,4,31,-2
Ohio St.,36,2019-09-14,3,@,Indiana,28,W,17,29,58.6,214,3,42,306,7.3,3,71,520,7.3,6,51,41
Oklahoma,45,2019-09-14,3,@,UCLA,102,W,16,23,69.6,302,3,41,309,7.5,3,64,611,9.5,6,48,34
Oklahoma St.,46,2019-09-14,3,@,Tulsa,12,W,12,22,54.5,169,1,46,337,7.3,4,68,506,7.4,5,40,19
Ole Miss,116,2019-09-14,3,,Southeastern Louisiana,245,W,21,30,70.0,239,2,50,220,4.4,2,80,459,5.7,5,40,11
Oregon,99,2019-09-14,3,,Montana,135,W,31,43,72.1,313,5,38,247,6.5,0,81,560,6.9,5,35,32
Oregon St.,100,2019-09-14,3,,Cal Poly,131,W,21,27,77.8,291,4,33,258,7.8,2,60,549,9.2,6,45,38
Penn State,37,2019-09-14,3,,Pittsburgh,22,W,14,30,46.7,222,0,32,167,5.2,2,62,389,6.3,2,17,7
Pittsburgh,22,2019-09-14,3,@,Penn State,37,L,35,51,68.6,372,0,25,24,1.0,1,76,396,5.2,1,10,-7
Purdue,38,2019-09-14,3,,TCU,47,L,13,29,44.8,181,1,25,23,0.9,0,54,204,3.8,1,13,-21
Rice,59,2019-09-14,3,N,Texas,48,L,12,23,52.2,179,2,31,87,2.8,0,54,266,4.9,2,13,-35
San Diego St.,90,2019-09-14,3,@,New Mexico State,69,W,16,25,64.0,106,1,47,291,6.2,3,72,397,5.5,4,31,21
SMU,8,2019-09-14,3,,Texas St.,128,W,15,19,78.9,249,2,56,390,7.0,5,75,639,8.5,7,47,30
South Alabama,127,2019-09-14,3,,Memphis,6,L,9,26,34.6,147,1,39,101,2.6,0,65,248,3.8,1,6,-36
South Carolina,117,2019-09-14,3,,Alabama,107,L,36,57,63.2,324,2,29,135,4.7,0,86,459,5.3,2,23,-24
South Florida,9,2019-09-14,3,,South Carolina State,181,W,18,33,54.5,241,4,39,220,5.6,3,72,461,6.4,7,55,39
Southern Miss,60,2019-09-14,3,@,Troy,129,W,29,37,78.4,514,3,40,112,2.8,2,77,626,8.1,6,47,5
Stanford,101,2019-09-14,3,@,Central Florida,1,L,24,49,49.0,233,1,23,116,5.0,1,72,349,4.8,3,27,-18
Syracuse,23,2019-09-14,3,,Clemson,14,L,15,29,51.7,172,0,42,15,0.4,0,71,187,2.6,0,6,-35
Temple,10,2019-09-14,2,,Maryland,30,W,20,37,54.1,277,3,39,150,3.8,0,76,427,5.6,3,20,3
Tennessee,118,2019-09-14,3,,Chattanooga,227,W,10,19,52.6,165,3,38,195,5.1,2,57,360,6.3,6,45,45
Texas,48,2019-09-14,3,N,Rice,59,W,28,34,82.4,338,3,36,171,4.8,2,70,509,7.3,6,48,35
Texas A&M,119,2019-09-14,3,,Lamar,240,W,26,41,63.4,410,3,34,223,6.6,4,75,633,8.4,7,62,59
TCU,47,2019-09-14,2,@,Purdue,38,W,8,24,33.3,75,1,58,346,6.0,3,82,421,5.1,4,34,21
Texas St.,128,2019-09-14,3,@,SMU,8,L,25,40,62.5,225,2,29,16,0.6,0,69,241,3.5,2,17,-30
Texas Tech,49,2019-09-14,3,@,Arizona,95,L,30,55,54.5,311,1,25,104,4.2,1,80,415,5.2,2,14,-14
Toledo,81,2019-09-14,2,,Murray State,205,W,21,31,67.7,348,4,35,190,5.4,2,66,538,8.2,6,45,45
Troy,129,2019-09-14,2,,Southern Miss,60,L,29,43,67.4,504,4,16,24,1.5,1,59,528,8.9,6,42,-5
Tulane,11,2019-09-14,3,,Missouri State,184,W,17,22,77.3,242,1,52,298,5.7,6,74,540,7.3,8,58,52
Tulsa,12,2019-09-14,3,,Oklahoma St.,46,L,19,35,54.3,238,1,53,158,3.0,2,88,396,4.5,3,21,-19
Central Florida,1,2019-09-14,3,,Stanford,101,W,22,30,73.3,347,4,44,198,4.5,2,74,545,7.4,6,45,18
UCLA,102,2019-09-14,3,,Oklahoma,45,L,15,26,57.7,201,2,37,110,3.0,0,63,311,4.9,2,14,-34
UNLV,92,2019-09-14,3,@,Northwestern,35,L,16,26,61.5,120,0,36,210,5.8,2,62,330,5.3,2,14,-16
USC,103,2019-09-14,3,@,BYU,66,L,24,34,70.6,281,2,45,171,3.8,1,79,452,5.7,3,27,-3
Utah,104,2019-09-14,3,,Idaho State,134,W,21,26,80.8,320,3,36,223,6.2,1,62,543,8.8,4,31,31
UTSA,63,2019-09-14,3,,Army,65,L,24,33,72.7,209,0,27,51,1.9,2,60,260,4.3,2,13,-18
Virginia,24,2019-09-14,3,,Florida St.,16,W,30,40,75.0,295,1,32,120,3.8,3,72,415,5.8,4,31,7
Virginia Tech,25,2019-09-14,3,,Furman,230,W,17,21,81.0,123,1,43,227,5.3,2,64,350,5.5,3,24,7
Washington,105,2019-09-14,3,,Hawaii,87,W,19,26,73.1,260,3,30,192,6.4,4,56,452,8.1,7,52,32
West Virginia,50,2019-09-14,3,,NC State,20,W,27,40,67.5,272,3,28,173,6.2,3,68,445,6.5,6,44,17
Western Kentucky,64,2019-09-14,3,N,Louisville,18,L,25,47,53.2,245,3,23,43,1.9,0,70,288,4.1,3,21,-17
Western Michigan,82,2019-09-14,3,,Georgia St.,125,W,16,21,76.2,244,1,44,450,10.2,7,65,694,10.7,8,57,47
Wyoming,94,2019-09-14,3,,Idaho,133,W,4,12,33.3,50,0,47,237,5.0,3,59,287,4.9,3,21,5
Houston,5,2019-09-19,4,@,Tulane,11,L,16,33,48.5,229,2,46,304,6.6,2,79,533,6.7,4,31,-7
Tulane,11,2019-09-19,4,,Houston,5,W,7,20,35.0,186,3,50,325,6.5,2,70,511,7.3,5,38,7
Air Force,83,2019-09-20,3,@,Boise St.,84,L,8,13,61.5,113,1,51,242,4.7,1,64,355,5.5,2,19,-11
Boise St.,84,2019-09-20,4,,Air Force,83,W,20,28,71.4,260,2,29,95,3.3,2,57,355,6.2,4,30,11
Florida Intl,53,2019-09-20,4,@,Louisiana Tech,54,L,29,41,70.7,394,2,26,132,5.1,2,67,526,7.9,4,31,-12
Louisiana Tech,54,2019-09-20,4,,Florida Intl,53,W,27,41,65.9,290,0,43,275,6.4,3,84,565,6.7,4,43,12
USC,103,2019-09-20,4,,Utah,104,W,23,32,71.9,368,3,22,13,0.6,1,54,381,7.1,4,30,7
Utah,104,2019-09-20,4,@,USC,103,L,22,30,73.3,210,1,49,247,5.0,1,79,457,5.8,2,23,-7
Akron,71,2019-09-21,4,,Troy,129,L,16,32,50.0,203,1,18,39,2.2,0,50,242,4.8,1,7,-28
Alabama,107,2019-09-21,4,,Southern Miss,60,W,20,25,80.0,338,5,35,176,5.0,2,60,514,8.6,7,49,42
Appalachian St.,121,2019-09-21,3,@,North Carolina,21,W,20,29,69.0,224,0,35,161,4.6,3,64,385,6.0,4,34,3
Arizona St.,96,2019-09-21,4,,Colorado,98,L,24,39,61.5,345,2,28,108,3.9,2,67,453,6.8,4,31,-3
Arkansas,108,2019-09-21,4,,San Jose St.,91,L,28,50,56.0,356,3,32,131,4.1,0,82,487,5.9,3,24,-7
Arkansas St.,122,2019-09-21,4,,Southern Illinois,189,W,18,33,54.5,357,4,27,117,4.3,1,60,474,7.9,5,41,13
Army,65,2019-09-21,4,,Morgan State,177,W,1,7,14.3,80,1,69,403,5.8,6,76,483,6.4,7,52,31
Auburn,109,2019-09-21,4,@,Texas A&M,119,W,13,21,61.9,106,2,41,195,4.8,2,62,301,4.9,4,28,8
Ball St.,72,2019-09-21,4,@,NC State,20,L,35,57,61.4,333,0,30,84,2.8,2,87,417,4.8,2,23,-11
Baylor,41,2019-09-21,3,@,Rice,59,W,20,28,71.4,303,1,35,124,3.5,2,63,427,6.8,3,21,8
Boston College,13,2019-09-21,4,@,Rutgers,39,W,13,26,50.0,159,0,61,272,4.5,4,87,431,5.0,4,30,14
Bowling Green,73,2019-09-21,4,@,Kent State,77,L,23,33,69.7,206,1,40,156,3.9,2,73,362,5.0,3,20,-42
BYU,66,2019-09-21,4,,Washington,105,L,26,42,61.9,277,1,27,79,2.9,1,69,356,5.2,2,19,-26
Buffalo,74,2019-09-21,4,,Temple,10,W,9,15,60.0,62,0,58,217,3.7,4,73,279,3.8,5,38,16
California,97,2019-09-21,4,@,Ole Miss,116,W,24,36,66.7,373,4,33,60,1.8,0,69,433,6.3,4,28,8
Central Michigan,75,2019-09-21,4,@,Miami (FL),19,L,23,51,45.1,217,0,27,31,1.1,1,78,248,3.2,1,12,-5
Charlotte,51,2019-09-21,4,@,Clemson,14,L,8,19,42.1,63,0,39,153,3.9,1,58,216,3.7,1,10,-42
Clemson,14,2019-09-21,4,,Charlotte,51,W,17,25,68.0,231,3,39,235,6.0,3,64,466,7.3,7,52,42
Coastal Carolina,123,2019-09-21,4,@,Massachusetts,68,W,24,27,88.9,302,3,46,334,7.3,6,73,636,8.7,9,62,34
Colorado,98,2019-09-21,4,@,Arizona St.,96,W,23,30,76.7,337,3,40,138,3.5,1,70,475,6.8,4,34,3
Colorado St.,85,2019-09-21,4,,Toledo,81,L,32,54,59.3,405,1,36,289,8.0,3,90,694,7.7,4,35,-6
Connecticut,3,2019-09-21,3,@,Indiana,28,L,15,30,50.0,94,0,22,51,2.3,0,52,145,2.8,0,3,-35
East Carolina,4,2019-09-21,4,,William & Mary,163,W,20,34,58.8,210,1,48,270,5.6,0,82,480,5.9,1,19,12
Eastern Michigan,76,2019-09-21,4,,Central Connecticut,193,W,26,39,66.7,279,4,29,94,3.2,0,68,373,5.5,5,34,5
Florida,110,2019-09-21,4,,Tennessee,118,W,24,34,70.6,313,2,37,128,3.5,2,71,441,6.2,4,34,31
Florida Atlantic,52,2019-09-21,4,,Wagner,200,W,27,38,71.1,387,5,31,120,3.9,1,69,507,7.3,6,42,35
Florida St.,16,2019-09-21,4,,Louisville,18,W,26,34,76.5,382,2,41,140,3.4,3,75,522,7.0,5,35,11
Fresno St.,86,2019-09-21,3,,Sacramento State,140,W,26,40,65.0,312,2,41,159,3.9,3,81,471,5.8,5,34,14
Georgia,111,2019-09-21,4,,Notre Dame,70,W,20,26,76.9,187,1,31,154,5.0,1,57,341,6.0,2,23,6
Georgia St.,125,2019-09-21,4,@,Texas St.,128,L,24,40,60.0,219,3,53,204,3.8,1,93,423,4.5,4,34,-3
Hawaii,87,2019-09-21,4,,Central Arkansas,237,W,25,32,78.1,300,4,22,117,5.3,0,54,417,7.7,5,35,19
Illinois,27,2019-09-21,4,,Nebraska,34,L,9,23,39.1,78,1,38,221,5.8,4,61,299,4.9,5,38,-4
Indiana,28,2019-09-21,4,,Connecticut,3,W,24,28,85.7,252,3,40,178,4.5,1,68,430,6.3,5,38,35
Iowa St.,42,2019-09-21,3,,UL Monroe,130,W,22,30,73.3,444,4,37,270,7.3,4,67,714,10.7,9,72,52
Kansas,43,2019-09-21,4,,West Virginia,50,L,19,25,76.0,275,3,30,142,4.7,0,55,417,7.6,3,24,-5
Kent State,77,2019-09-21,4,,Bowling Green,73,W,31,36,86.1,375,5,48,375,7.8,3,84,750,8.9,8,62,42
Kentucky,112,2019-09-21,4,@,Mississippi St.,114,L,15,42,35.7,232,0,28,154,5.5,1,70,386,5.5,1,13,-15
Liberty,67,2019-09-21,4,,Hampton,147,W,10,17,58.8,319,2,38,256,6.7,6,55,575,10.5,9,62,35
Louisiana,126,2019-09-21,4,@,Ohio,80,W,20,30,66.7,204,2,46,285,6.2,4,76,489,6.4,6,45,20
UL Monroe,130,2019-09-21,3,@,Iowa St.,42,L,21,37,56.8,197,2,43,228,5.3,1,80,425,5.3,3,20,-52
Louisville,18,2019-09-21,4,@,Florida St.,16,L,16,28,57.1,286,2,47,124,2.6,1,75,410,5.5,3,24,-11
LSU,113,2019-09-21,4,@,Vanderbilt,120,W,26,38,68.4,418,6,36,181,5.0,2,74,599,8.1,9,66,28
Massachusetts,68,2019-09-21,4,,Coastal Carolina,123,L,22,36,61.1,220,2,37,109,2.9,2,73,329,4.5,4,28,-34
Miami (FL),19,2019-09-21,4,,Central Michigan,75,W,17,24,70.8,250,1,33,53,1.6,1,57,303,5.3,2,17,5
Miami (OH),78,2019-09-21,4,@,Ohio St.,36,L,7,20,35.0,60,0,41,72,1.8,0,61,132,2.2,0,5,-71
Michigan,31,2019-09-21,3,@,Wisconsin,40,L,17,42,40.5,259,2,19,40,2.1,0,61,299,4.9,2,14,-21
Michigan St.,32,2019-09-21,4,@,Northwestern,35,W,18,31,58.1,228,3,39,112,2.9,1,70,340,4.9,4,31,21
Mississippi St.,114,2019-09-21,4,,Kentucky,112,W,17,22,77.3,180,0,40,241,6.0,3,62,421,6.8,4,28,15
Missouri,115,2019-09-21,4,,South Carolina,117,W,19,33,57.6,227,2,54,194,3.6,0,87,421,4.8,4,34,20
Nebraska,34,2019-09-21,4,@,Illinois,27,W,22,34,64.7,327,3,64,363,5.7,3,98,690,7.0,6,42,4
Nevada,88,2019-09-21,4,@,UTEP,62,W,15,21,71.4,203,2,38,200,5.3,3,59,403,6.8,5,37,16
New Mexico,89,2019-09-21,3,,New Mexico State,69,W,16,28,57.1,355,3,51,243,4.8,3,79,598,7.6,7,55,3
New Mexico State,69,2019-09-21,4,@,New Mexico,89,L,30,47,63.8,335,3,34,154,4.5,4,81,489,6.0,7,52,-3
North Carolina,21,2019-09-21,4,,Appalachian St.,121,L,27,42,64.3,323,3,40,146,3.7,1,82,469,5.7,4,31,-3
NC State,20,2019-09-21,4,,Ball St.,72,W,19,34,55.9,185,0,41,204,5.0,3,75,389,5.2,4,34,11
North Texas,57,2019-09-21,4,,UTSA,63,W,17,26,65.4,211,3,44,290,6.6,3,70,501,7.2,6,45,42
Northwestern,35,2019-09-21,3,,Michigan St.,32,L,19,37,51.4,126,0,43,140,3.3,1,80,266,3.3,1,10,-21
Notre Dame,70,2019-09-21,3,@,Georgia,111,L,29,47,61.7,275,2,14,46,3.3,0,61,321,5.3,2,17,-6
Ohio,80,2019-09-21,4,,Louisiana,126,L,18,38,47.4,277,1,28,103,3.7,2,66,380,5.8,3,25,-20
Ohio St.,36,2019-09-21,4,,Miami (OH),78,W,22,30,73.3,374,7,42,227,5.4,4,72,601,8.3,11,76,71
Oklahoma St.,46,2019-09-21,4,@,Texas,48,L,19,33,57.6,268,0,56,226,4.0,3,89,494,5.6,3,30,-6
Old Dominion,58,2019-09-21,3,@,Virginia,24,L,16,26,61.5,206,1,44,64,1.5,1,70,270,3.9,2,17,-11
Ole Miss,116,2019-09-21,4,,California,97,L,29,48,60.4,348,0,38,177,4.7,2,86,525,6.1,2,20,-8
Oregon,99,2019-09-21,4,@,Stanford,101,W,19,24,79.2,259,3,30,61,2.0,0,54,320,5.9,3,21,15
Pittsburgh,22,2019-09-21,4,,Central Florida,1,W,28,51,54.9,243,3,37,196,5.3,1,88,439,5.0,5,35,1
Rice,59,2019-09-21,4,,Baylor,41,L,18,31,58.1,178,0,35,64,1.8,1,66,242,3.7,1,13,-8
Rutgers,39,2019-09-21,3,,Boston College,13,L,23,34,67.6,304,1,26,76,2.9,0,60,380,6.3,1,16,-14
San Diego St.,90,2019-09-21,4,,Utah St.,93,L,20,37,54.1,281,2,46,91,2.0,0,83,372,4.5,2,17,-6
San Jose St.,91,2019-09-21,3,@,Arkansas,108,W,32,49,65.3,402,2,21,106,5.0,2,70,508,7.3,4,31,7
SMU,8,2019-09-21,4,@,TCU,47,W,23,34,67.6,288,2,48,118,2.5,3,82,406,5.0,5,41,3
South Alabama,127,2019-09-21,4,@,UAB,61,L,8,16,50.0,83,0,31,107,3.5,0,47,190,4.0,0,3,-32
South Carolina,117,2019-09-21,4,@,Missouri,115,L,19,41,46.3,255,1,24,16,0.7,1,65,271,4.2,2,14,-20
Southern Miss,60,2019-09-21,4,@,Alabama,107,L,17,26,65.4,174,1,32,52,1.6,0,58,226,3.9,1,7,-42
Stanford,101,2019-09-21,4,,Oregon,99,L,16,30,53.3,120,0,33,114,3.5,0,63,234,3.7,0,6,-15
Syracuse,23,2019-09-21,4,,Western Michigan,82,W,27,35,77.1,287,4,47,258,5.5,3,82,545,6.6,7,52,19
Temple,10,2019-09-21,3,@,Buffalo,74,L,25,51,49.0,258,3,23,31,1.3,0,74,289,3.9,3,22,-16
Tennessee,118,2019-09-21,4,@,Florida,110,L,14,28,50.0,151,0,27,88,3.3,0,55,239,4.3,0,3,-31
Texas,48,2019-09-21,4,,Oklahoma St.,46,W,20,28,71.4,281,4,43,217,5.0,1,71,498,7.0,5,36,6
Texas A&M,119,2019-09-21,4,,Auburn,109,L,31,49,63.3,335,2,21,56,2.7,0,70,391,5.6,2,20,-8
TCU,47,2019-09-21,3,,SMU,8,L,16,36,44.4,188,3,42,236,5.6,2,78,424,5.4,5,38,-3
Texas St.,128,2019-09-21,4,,Georgia St.,125,W,16,25,64.0,129,0,50,221,4.4,3,75,350,4.7,4,37,3
Toledo,81,2019-09-21,3,@,Colorado St.,85,W,6,15,40.0,111,1,46,436,9.5,4,61,547,9.0,5,41,6
Troy,129,2019-09-21,3,@,Akron,71,W,29,39,74.4,215,3,56,270,4.8,2,95,485,5.1,5,35,28
Tulsa,12,2019-09-21,4,,Wyoming,94,W,25,50,50.0,354,2,43,83,1.9,1,93,437,4.7,3,24,3
UAB,61,2019-09-21,3,,South Alabama,127,W,22,28,78.6,313,3,45,201,4.5,2,73,514,7.0,5,35,32
Central Florida,1,2019-09-21,4,@,Pittsburgh,22,L,25,42,59.5,338,2,34,85,2.5,1,76,423,5.6,4,34,-1
UCLA,102,2019-09-21,4,@,Washington St.,106,W,25,38,65.8,507,5,37,150,4.1,2,75,657,8.8,9,67,4
Utah St.,93,2019-09-21,3,@,San Diego St.,90,W,30,47,63.8,293,0,27,82,3.0,1,74,375,5.1,2,23,6
UTEP,62,2019-09-21,3,,Nevada,88,L,10,17,58.8,116,0,47,162,3.4,3,64,278,4.3,3,21,-16
UTSA,63,2019-09-21,4,@,North Texas,57,L,17,40,42.5,128,0,42,167,4.0,0,82,295,3.6,0,3,-42
Vanderbilt,120,2019-09-21,3,,LSU,113,L,19,39,48.7,229,1,34,145,4.3,2,73,374,5.1,5,38,-28
Virginia,24,2019-09-21,4,,Old Dominion,58,W,15,24,62.5,175,1,29,69,2.4,2,53,244,4.6,4,28,11
Wake Forest,26,2019-09-21,4,,Elon,154,W,32,40,80.0,393,6,42,214,5.1,1,82,607,7.4,7,49,42
Washington,105,2019-09-21,4,@,BYU,66,W,24,28,85.7,290,3,39,187,4.8,1,67,477,7.1,6,45,26
Washington St.,106,2019-09-21,4,,UCLA,102,L,41,61,67.2,570,9,21,150,7.1,0,82,720,8.8,9,63,-4
West Virginia,50,2019-09-21,4,@,Kansas,43,W,25,37,67.6,202,0,48,192,4.0,3,85,394,4.6,3,29,5
Western Michigan,82,2019-09-21,4,@,Syracuse,23,L,23,46,50.0,356,2,34,201,5.9,3,80,557,7.0,5,33,-19
Wisconsin,40,2019-09-21,3,,Michigan,31,W,13,16,81.3,128,0,57,359,6.3,5,73,487,6.7,5,35,21
Wyoming,94,2019-09-21,4,@,Tulsa,12,L,10,32,31.3,214,1,34,143,4.2,2,66,357,5.4,3,21,-3
Memphis,6,2019-09-26,4,,Navy,7,W,14,18,77.8,196,3,25,105,4.2,1,43,301,7.0,5,35,12
Navy,7,2019-09-26,3,@,Memphis,6,L,6,13,46.2,82,1,66,291,4.4,2,79,373,4.7,3,23,-12
Air Force,83,2019-09-27,4,,San Jose St.,91,W,5,10,50.0,131,1,69,382,5.5,5,79,513,6.5,6,41,17
Arizona St.,96,2019-09-27,5,@,California,97,W,14,24,58.3,174,0,48,191,4.0,3,72,365,5.1,3,24,7
California,97,2019-09-27,5,,Arizona St.,96,L,14,26,53.8,140,1,37,105,2.8,1,63,245,3.9,2,17,-7
Duke,15,2019-09-27,4,@,Virginia Tech,25,W,21,28,75.0,188,3,41,234,5.7,3,69,422,6.1,6,45,35
Maryland,30,2019-09-27,4,,Penn State,37,L,11,24,45.8,68,0,34,60,1.8,0,58,128,2.2,0,0,-59
Penn State,37,2019-09-27,4,@,Maryland,30,W,29,40,72.5,421,3,40,201,5.0,5,80,622,7.8,8,59,59
San Jose St.,91,2019-09-27,4,@,Air Force,83,L,24,42,57.1,280,2,31,98,3.2,1,73,378,5.2,3,24,-17
Virginia Tech,25,2019-09-27,4,,Duke,15,L,8,20,40.0,120,1,43,139,3.2,0,63,259,4.1,1,10,-35
Akron,71,2019-09-28,5,@,Massachusetts,68,L,28,42,66.7,335,3,27,71,2.6,1,69,406,5.9,4,29,-8
Alabama,107,2019-09-28,5,,Ole Miss,116,W,26,37,70.3,418,6,29,157,5.4,1,66,575,8.7,8,59,28
Appalachian St.,121,2019-09-28,4,,Coastal Carolina,123,W,19,24,79.2,246,2,40,184,4.6,5,64,430,6.7,8,56,19
Arizona,95,2019-09-28,4,,UCLA,102,W,29,44,65.9,352,1,30,99,3.3,1,74,451,6.1,2,20,3
Arkansas,108,2019-09-28,5,N,Texas A&M,119,L,27,44,61.4,297,1,25,99,4.0,1,69,396,5.7,3,27,-4
Arkansas St.,122,2019-09-28,5,@,Troy,129,W,26,36,72.2,455,4,34,103,3.0,1,70,558,8.0,6,50,7
Auburn,109,2019-09-28,5,,Mississippi St.,114,W,18,24,75.0,361,2,43,219,5.1,6,67,580,8.7,8,56,33
Baylor,41,2019-09-28,4,,Iowa St.,42,W,26,45,57.8,307,3,34,104,3.1,0,79,411,5.2,3,23,2
Boston College,13,2019-09-28,5,,Wake Forest,26,L,22,31,71.0,281,3,44,252,5.7,0,75,533,7.1,3,24,-3
BYU,66,2019-09-28,5,@,Toledo,81,L,25,44,56.8,354,2,26,101,3.9,1,70,455,6.5,3,21,-7
Buffalo,74,2019-09-28,5,@,Miami (OH),78,L,7,20,35.0,89,1,49,309,6.3,2,69,398,5.8,3,20,-14
Central Michigan,75,2019-09-28,5,@,Western Michigan,82,L,33,48,68.8,330,1,32,107,3.3,1,80,437,5.5,2,15,-16
Charlotte,51,2019-09-28,5,,Florida Atlantic,52,L,19,37,51.4,284,3,26,62,2.4,1,63,346,5.5,4,27,-18
Cincinnati,2,2019-09-28,4,@,Marshall,55,W,21,26,80.8,295,4,51,230,4.5,3,77,525,6.8,7,52,38
Clemson,14,2019-09-28,5,@,North Carolina,21,W,18,30,60.0,206,1,31,125,4.0,2,61,331,5.4,3,21,1
Coastal Carolina,123,2019-09-28,5,@,Appalachian St.,121,L,20,31,64.5,240,2,35,153,4.4,3,66,393,6.0,5,37,-19
Colorado St.,85,2019-09-28,5,@,Utah St.,93,L,14,30,46.7,217,0,35,79,2.3,2,65,296,4.6,3,24,-10
Connecticut,3,2019-09-28,4,@,Central Florida,1,L,23,36,63.9,281,3,40,145,3.6,0,76,426,5.6,3,21,-35
East Carolina,4,2019-09-28,5,@,Old Dominion,58,W,8,21,38.1,202,2,36,107,3.0,0,57,309,5.4,3,24,3
Florida,110,2019-09-28,5,,Towson,161,W,24,28,85.7,262,3,32,160,5.0,2,60,422,7.0,5,38,38
Florida Atlantic,52,2019-09-28,5,@,Charlotte,51,W,21,28,75.0,321,2,50,238,4.8,4,78,559,7.2,6,45,18
Florida St.,16,2019-09-28,5,,NC State,20,W,29,40,72.5,316,3,32,53,1.7,1,72,369,5.1,4,31,18
Fresno St.,86,2019-09-28,4,@,New Mexico State,69,W,20,31,64.5,147,0,38,239,6.3,2,69,386,5.6,3,30,13
Georgia Southern,124,2019-09-28,4,,Louisiana,126,L,6,12,50.0,37,0,56,215,3.8,2,68,252,3.7,2,24,-13
Georgia Tech,17,2019-09-28,4,@,Temple,10,L,14,35,40.0,174,0,34,133,3.9,0,69,307,4.4,0,2,-22
Hawaii,87,2019-09-28,5,@,Nevada,88,W,31,36,86.1,373,5,27,139,5.1,1,63,512,8.1,7,54,51
Houston,5,2019-09-28,5,@,North Texas,57,W,16,20,80.0,124,1,30,246,8.2,3,50,370,7.4,6,46,21
Indiana,28,2019-09-28,5,@,Michigan St.,32,L,33,42,78.6,286,3,27,72,2.7,1,69,358,5.2,4,31,-9
Iowa,29,2019-09-28,4,,Middle Tennessee,56,W,20,29,69.0,293,2,51,351,6.9,4,80,644,8.1,6,48,45
Iowa St.,42,2019-09-28,4,@,Baylor,41,L,27,45,60.0,342,2,28,63,2.3,1,73,405,5.5,3,21,-2
Kansas,43,2019-09-28,5,@,TCU,47,L,12,29,41.4,84,1,18,75,4.2,1,47,159,3.4,2,14,-37
Kansas St.,44,2019-09-28,4,@,Oklahoma St.,46,L,11,23,47.8,118,0,32,126,3.9,1,55,244,4.4,1,13,-13
Kentucky,112,2019-09-28,5,@,South Carolina,117,L,13,34,38.2,97,0,28,115,4.1,1,62,212,3.4,1,7,-17
Liberty,67,2019-09-28,5,,New Mexico,89,W,24,36,66.7,306,2,30,161,5.4,0,66,467,7.1,2,17,7
Louisiana,126,2019-09-28,5,@,Georgia Southern,124,W,11,18,61.1,165,1,41,275,6.7,4,59,440,7.5,5,37,13
Louisiana Tech,54,2019-09-28,5,@,Rice,59,W,21,39,53.8,210,1,22,84,3.8,2,61,294,4.8,3,23,3
UL Monroe,130,2019-09-28,4,,South Alabama,127,W,17,25,68.0,286,3,30,144,4.8,1,55,430,7.8,4,30,13
Marshall,55,2019-09-28,4,,Cincinnati,2,L,11,30,36.7,131,0,29,125,4.3,2,59,256,4.3,2,14,-38
Massachusetts,68,2019-09-28,5,,Akron,71,W,19,33,57.6,213,2,42,220,5.2,1,75,433,5.8,4,37,8
Miami (OH),78,2019-09-28,5,,Buffalo,74,W,8,18,44.4,120,1,55,145,2.6,2,73,265,3.6,4,34,14
Michigan,31,2019-09-28,4,,Rutgers,39,W,20,27,74.1,335,2,41,141,3.4,5,68,476,7.0,7,52,52
Michigan St.,32,2019-09-28,5,,Indiana,28,W,18,36,50.0,300,3,33,145,4.4,1,69,445,6.4,5,40,9
Middle Tennessee,56,2019-09-28,4,@,Iowa,29,L,17,27,63.0,136,0,24,80,3.3,0,51,216,4.2,0,3,-45
Minnesota,33,2019-09-28,4,@,Purdue,38,W,21,22,95.5,396,4,34,92,2.7,1,56,488,8.7,5,38,7
Mississippi St.,114,2019-09-28,5,@,Auburn,109,L,13,26,50.0,216,2,38,118,3.1,1,64,334,5.2,3,23,-33
Nebraska,34,2019-09-28,5,,Ohio St.,36,L,8,17,47.1,47,0,39,184,4.7,1,56,231,4.1,1,7,-41
Nevada,88,2019-09-28,5,,Hawaii,87,L,18,31,58.1,105,0,36,98,2.7,0,67,203,3.0,0,3,-51
New Mexico,89,2019-09-28,4,@,Liberty,67,L,12,26,46.2,139,1,42,224,5.3,0,68,363,5.3,1,10,-7
New Mexico State,69,2019-09-28,5,,Fresno St.,86,L,26,47,55.3,210,1,22,105,4.8,1,69,315,4.6,2,17,-13
North Carolina,21,2019-09-28,5,,Clemson,14,L,15,27,55.6,144,2,36,146,4.1,0,63,290,4.6,2,20,-1
NC State,20,2019-09-28,5,@,Florida St.,16,L,28,52,53.8,282,1,28,88,3.1,0,80,370,4.6,1,13,-18
North Texas,57,2019-09-28,5,,Houston,5,L,36,58,62.1,360,2,30,96,3.2,1,88,456,5.2,3,25,-21
Northern Illinois,79,2019-09-28,4,@,Vanderbilt,120,L,17,32,53.1,280,1,31,108,3.5,1,63,388,6.2,2,18,-6
Northwestern,35,2019-09-28,4,@,Wisconsin,40,L,18,41,43.9,158,1,41,97,2.4,1,82,255,3.1,2,15,-9
Notre Dame,70,2019-09-28,4,,Virginia,24,W,17,25,68.0,165,0,35,178,5.1,4,60,343,5.7,5,35,15
Ohio St.,36,2019-09-28,5,@,Nebraska,34,W,15,21,71.4,212,3,52,371,7.1,3,73,583,8.0,6,48,41
Oklahoma,45,2019-09-28,4,,Texas Tech,49,W,23,34,67.6,443,3,29,203,7.0,4,63,646,10.3,7,55,39
Oklahoma St.,46,2019-09-28,5,,Kansas St.,44,W,16,25,64.0,153,1,44,373,8.5,1,69,526,7.6,2,26,13
Old Dominion,58,2019-09-28,4,,East Carolina,4,L,20,30,66.7,203,0,42,90,2.1,2,72,293,4.1,2,21,-3
Ole Miss,116,2019-09-28,5,@,Alabama,107,L,12,30,40.0,197,3,57,280,4.9,1,87,477,5.5,4,31,-28
Oregon St.,100,2019-09-28,4,,Stanford,101,L,27,39,69.2,337,1,33,164,5.0,3,72,501,7.0,4,28,-3
Pittsburgh,22,2019-09-28,5,,Delaware,153,W,23,37,62.2,271,2,39,172,4.4,0,76,443,5.8,2,17,3
Purdue,38,2019-09-28,4,,Minnesota,33,L,27,49,55.1,291,2,33,123,3.7,2,82,414,5.0,4,31,-7
Rice,59,2019-09-28,5,,Louisiana Tech,54,L,16,26,61.5,148,0,47,204,4.3,2,73,352,4.8,2,20,-3
Rutgers,39,2019-09-28,4,@,Michigan,31,L,17,24,70.8,106,0,28,48,1.7,0,52,154,3.0,0,0,-52
SMU,8,2019-09-28,5,@,South Florida,9,W,24,29,82.8,252,3,48,245,5.1,4,77,497,6.5,7,48,27
South Alabama,127,2019-09-28,5,@,UL Monroe,130,L,14,26,53.8,114,0,52,263,5.1,2,78,377,4.8,2,17,-13
South Carolina,117,2019-09-28,5,,Kentucky,112,W,15,27,55.6,140,0,46,247,5.4,3,73,387,5.3,3,24,17
South Florida,9,2019-09-28,4,,SMU,8,L,21,40,52.5,288,3,33,54,1.6,0,73,342,4.7,3,21,-27
Southern Miss,60,2019-09-28,5,,UTEP,62,W,19,28,67.9,351,3,36,169,4.7,1,64,520,8.1,4,31,18
Stanford,101,2019-09-28,5,@,Oregon St.,100,W,19,27,70.4,253,4,31,100,3.2,0,58,353,6.1,4,31,3
Syracuse,23,2019-09-28,5,,Holy Cross,214,W,23,36,63.9,286,4,36,143,4.0,1,72,429,6.0,5,41,38
Temple,10,2019-09-28,4,,Georgia Tech,17,W,9,22,40.9,127,0,48,198,4.1,2,70,325,4.6,3,24,22
Texas A&M,119,2019-09-28,5,N,Arkansas,108,W,23,35,65.7,251,3,32,90,2.8,1,67,341,5.1,4,31,4
TCU,47,2019-09-28,4,,Kansas,43,W,19,27,70.4,306,2,61,319,5.2,4,88,625,7.1,7,51,37
Texas St.,128,2019-09-28,5,,Nicholls State,242,W,22,29,75.9,253,2,34,109,3.2,1,63,362,5.7,3,24,21
Texas Tech,49,2019-09-28,4,@,Oklahoma,45,L,12,26,46.2,122,0,37,192,5.2,1,63,314,5.0,1,16,-39
Toledo,81,2019-09-28,4,,BYU,66,W,17,28,60.7,206,1,56,242,4.3,2,84,448,5.3,3,28,7
Troy,129,2019-09-28,4,,Arkansas St.,122,L,34,58,58.6,367,4,33,145,4.4,1,91,512,5.6,5,43,-7
UAB,61,2019-09-28,4,@,Western Kentucky,64,L,18,31,58.1,181,0,39,117,3.0,1,70,298,4.3,1,13,-7
Central Florida,1,2019-09-28,5,,Connecticut,3,W,21,30,70.0,377,4,37,230,6.2,3,67,607,9.1,8,56,35
UCLA,102,2019-09-28,5,@,Arizona,95,L,22,42,52.4,228,1,43,217,5.0,1,85,445,5.2,2,17,-3
UNLV,92,2019-09-28,4,@,Wyoming,94,L,22,44,50.0,263,1,33,77,2.3,1,77,340,4.4,2,17,-36
USC,103,2019-09-28,5,@,Washington,105,L,19,32,59.4,163,1,33,212,6.4,1,65,375,5.8,2,14,-14
Utah,104,2019-09-28,5,,Washington St.,106,W,21,30,70.0,334,2,41,192,4.7,3,71,526,7.4,5,38,25
Utah St.,93,2019-09-28,4,,Colorado St.,85,W,17,33,51.5,204,2,54,242,4.5,0,87,446,5.1,4,34,10
UTEP,62,2019-09-28,4,@,Southern Miss,60,L,14,28,50.0,168,0,25,126,5.0,1,53,294,5.5,1,13,-18
Vanderbilt,120,2019-09-28,4,,Northern Illinois,79,W,21,28,75.0,189,1,23,189,8.2,2,51,378,7.4,3,24,6
Virginia,24,2019-09-28,5,@,Notre Dame,70,L,30,43,69.8,334,2,29,4,0.1,0,72,338,4.7,2,20,-15
Wake Forest,26,2019-09-28,5,@,Boston College,13,W,21,33,63.6,243,2,54,197,3.6,1,87,440,5.1,3,27,3
Washington,105,2019-09-28,5,,USC,103,W,16,26,61.5,180,0,34,194,5.7,3,60,374,6.2,4,28,14
Washington St.,106,2019-09-28,5,@,Utah,104,L,30,49,61.2,252,1,14,61,4.4,0,63,313,5.0,1,13,-25
Western Kentucky,64,2019-09-28,4,,UAB,61,W,15,24,62.5,189,2,29,33,1.1,0,53,222,4.2,2,20,7
Western Michigan,82,2019-09-28,5,,Central Michigan,75,W,18,29,62.1,244,1,37,188,5.1,3,66,432,6.5,4,31,16
Wisconsin,40,2019-09-28,4,,Northwestern,35,W,15,24,62.5,113,0,33,133,4.0,1,57,246,4.3,3,24,9
Wyoming,94,2019-09-28,5,,UNLV,92,W,5,12,41.7,124,2,48,374,7.8,5,60,498,8.3,7,53,36
East Carolina,4,2019-10-03,6,,Temple,10,L,19,39,48.7,229,2,34,98,2.9,0,73,327,4.5,2,17,-10
Georgia Southern,124,2019-10-03,5,@,South Alabama,127,W,9,17,52.9,78,0,66,310,4.7,2,83,388,4.7,2,20,3
South Alabama,127,2019-10-03,6,,Georgia Southern,124,L,8,15,53.3,194,2,24,53,2.2,0,39,247,6.3,2,17,-3
Temple,10,2019-10-03,5,@,East Carolina,4,W,27,39,69.2,253,1,50,237,4.7,2,89,490,5.5,3,27,10
Cincinnati,2,2019-10-04,5,,Central Florida,1,W,17,31,54.8,149,2,41,192,4.7,0,72,341,4.7,3,27,3
New Mexico,89,2019-10-04,5,@,San Jose St.,91,L,11,26,42.3,161,2,41,238,5.8,1,67,399,6.0,3,21,-11
San Jose St.,91,2019-10-04,5,,New Mexico,89,W,26,39,66.7,412,2,34,52,1.5,1,73,464,6.4,3,32,11
Central Florida,1,2019-10-04,6,@,Cincinnati,2,L,25,46,54.3,297,1,42,126,3.0,1,88,423,4.8,2,24,-3
Air Force,83,2019-10-05,5,@,Navy,7,L,11,26,42.3,246,0,43,111,2.6,2,69,357,5.2,2,25,-9
Arizona,95,2019-10-05,5,@,Colorado,98,W,31,41,75.6,404,3,26,83,3.2,2,67,487,7.3,5,35,5
Arkansas St.,122,2019-10-05,6,@,Georgia St.,125,L,22,34,64.7,306,4,22,115,5.2,1,56,421,7.5,5,38,-14
Army,65,2019-10-05,5,,Tulane,11,L,9,24,37.5,170,1,44,193,4.4,3,68,363,5.3,5,33,-9
Auburn,109,2019-10-05,6,@,Florida,110,L,11,27,40.7,145,1,34,124,3.6,0,61,269,4.4,1,13,-11
Ball St.,72,2019-10-05,5,@,Northern Illinois,79,W,4,14,28.6,34,0,60,235,3.9,2,74,269,3.6,2,27,7
Baylor,41,2019-10-05,5,@,Kansas St.,44,W,15,24,62.5,268,1,31,158,5.1,3,55,426,7.7,4,31,19
Boise St.,84,2019-10-05,5,@,UNLV,92,W,22,36,61.1,325,3,28,182,6.5,2,64,507,7.9,5,38,25
Boston College,13,2019-10-05,6,@,Louisville,18,L,15,33,45.5,304,4,45,259,5.8,1,78,563,7.2,5,39,-2
Bowling Green,73,2019-10-05,5,@,Notre Dame,70,L,15,27,55.6,110,0,42,118,2.8,0,69,228,3.3,0,0,-52
Buffalo,74,2019-10-05,6,,Ohio,80,L,16,23,69.6,197,2,43,181,4.2,1,66,378,5.7,3,20,-1
California,97,2019-10-05,6,@,Oregon,99,L,17,34,50.0,190,1,30,66,2.2,0,64,256,4.0,1,7,-10
Central Michigan,75,2019-10-05,6,,Eastern Michigan,76,W,15,24,62.5,279,2,45,308,6.8,4,69,587,8.5,6,42,26
Colorado,98,2019-10-05,5,,Arizona,95,L,29,44,65.9,337,2,37,159,4.3,1,81,496,6.1,3,30,-5
Colorado St.,85,2019-10-05,6,,San Diego St.,90,L,19,32,59.4,217,1,25,18,0.7,0,57,235,4.1,1,10,-14
Connecticut,3,2019-10-05,5,,South Florida,9,L,18,29,62.1,209,1,37,84,2.3,2,66,293,4.4,3,22,-26
Duke,15,2019-10-05,5,,Pittsburgh,22,L,18,45,40.0,165,1,44,123,2.8,3,89,288,3.2,4,30,-3
Eastern Michigan,76,2019-10-05,5,@,Central Michigan,75,L,22,38,57.9,208,1,28,77,2.8,1,66,285,4.3,2,16,-26
Florida,110,2019-10-05,6,,Auburn,109,W,25,39,64.1,266,2,33,132,4.0,1,72,398,5.5,3,24,11
Florida Intl,53,2019-10-05,5,,Massachusetts,68,W,19,33,57.6,263,2,55,278,5.1,2,88,541,6.1,5,44,44
Georgia,111,2019-10-05,5,@,Tennessee,118,W,24,29,82.8,288,2,41,238,5.8,2,70,526,7.5,5,43,29
Georgia St.,125,2019-10-05,5,,Arkansas St.,122,W,29,41,70.7,382,1,58,340,5.9,6,99,722,7.3,7,52,14
Georgia Tech,17,2019-10-05,5,,North Carolina,21,L,11,24,45.8,171,2,29,150,5.2,1,53,321,6.1,3,22,-16
Illinois,27,2019-10-05,5,@,Minnesota,33,L,20,39,51.3,157,0,27,91,3.4,0,66,248,3.8,2,17,-23
Iowa,29,2019-10-05,5,@,Michigan,31,L,23,42,54.8,260,0,30,1,0.0,0,72,261,3.6,0,3,-7
Iowa St.,42,2019-10-05,5,,TCU,47,W,19,24,79.2,247,2,37,189,5.1,4,61,436,7.1,7,49,25
Kansas,43,2019-10-05,6,,Oklahoma,45,L,18,28,64.3,230,3,32,130,4.1,0,60,360,6.0,3,20,-25
Kansas St.,44,2019-10-05,5,,Baylor,41,L,22,34,64.7,218,1,40,123,3.1,0,74,341,4.6,1,12,-19
Kent State,77,2019-10-05,5,@,Wisconsin,40,L,10,17,58.8,64,0,28,60,2.1,0,45,124,2.8,0,0,-48
Liberty,67,2019-10-05,6,@,New Mexico State,69,W,16,31,51.6,173,1,37,164,4.4,1,68,337,5.0,2,20,7
UL Monroe,130,2019-10-05,5,,Memphis,6,L,24,45,53.3,319,2,44,256,5.8,2,89,575,6.5,4,33,-19
Louisville,18,2019-10-05,5,,Boston College,13,W,23,34,67.6,428,2,44,236,5.4,3,78,664,8.5,5,41,2
LSU,113,2019-10-05,5,,Utah St.,93,W,28,39,71.8,353,5,51,248,4.9,1,90,601,6.7,6,42,36
Marshall,55,2019-10-05,5,@,Middle Tennessee,56,L,26,43,60.5,376,1,39,202,5.2,0,82,578,7.0,1,13,-11
Maryland,30,2019-10-05,5,@,Rutgers,39,W,22,34,64.7,290,2,28,200,7.1,4,62,490,7.9,7,48,41
Massachusetts,68,2019-10-05,6,@,Florida Intl,53,L,7,24,29.2,77,0,24,38,1.6,0,48,115,2.4,0,0,-44
Memphis,6,2019-10-05,5,@,UL Monroe,130,W,15,24,62.5,249,3,36,286,7.9,3,60,535,8.9,7,52,19
Miami (FL),19,2019-10-05,5,,Virginia Tech,25,L,32,52,61.5,469,4,23,94,4.1,1,75,563,7.5,5,35,-7
Michigan,31,2019-10-05,5,,Iowa,29,W,14,26,53.8,147,0,32,124,3.9,1,58,271,4.7,1,10,7
Michigan St.,32,2019-10-05,6,@,Ohio St.,36,L,20,38,52.6,218,1,26,69,2.7,0,64,287,4.5,1,10,-24
Middle Tennessee,56,2019-10-05,5,,Marshall,55,W,17,30,56.7,261,1,37,140,3.8,2,67,401,6.0,3,24,11
Minnesota,33,2019-10-05,5,,Illinois,27,W,9,17,52.9,155,3,52,332,6.4,2,69,487,7.1,5,40,23
Missouri,115,2019-10-05,5,,Troy,129,W,18,27,66.7,278,3,36,165,4.6,2,63,443,7.0,6,42,32
Navy,7,2019-10-05,4,,Air Force,83,W,6,8,75.0,162,0,49,215,4.4,4,57,377,6.6,5,34,9
Nebraska,34,2019-10-05,6,,Northwestern,35,W,15,25,60.0,186,0,40,133,3.3,1,65,319,4.9,1,13,3
New Mexico State,69,2019-10-05,6,,Liberty,67,L,20,31,64.5,265,0,34,131,3.9,1,65,396,6.1,1,13,-7
North Carolina,21,2019-10-05,6,@,Georgia Tech,17,W,33,51,64.7,376,4,46,211,4.6,1,97,587,6.1,5,38,16
Northern Illinois,79,2019-10-05,5,,Ball St.,72,L,21,43,48.8,241,0,30,148,4.9,2,73,389,5.3,2,20,-7
Northwestern,35,2019-10-05,5,@,Nebraska,34,L,19,32,59.4,136,0,41,157,3.8,1,73,293,4.0,1,10,-3
Notre Dame,70,2019-10-05,5,,Bowling Green,73,W,21,27,77.8,340,6,34,233,6.9,1,61,573,9.4,7,52,52
Ohio,80,2019-10-05,5,@,Buffalo,74,W,12,19,63.2,155,0,47,186,4.0,3,66,341,5.2,3,21,1
Ohio St.,36,2019-10-05,6,,Michigan St.,32,W,17,25,68.0,206,2,49,323,6.6,2,74,529,7.1,4,34,24
Oklahoma,45,2019-10-05,5,@,Kansas,43,W,20,29,69.0,277,2,37,268,7.2,4,66,545,8.3,6,45,25
Oklahoma St.,46,2019-10-05,6,@,Texas Tech,49,L,22,37,59.5,290,2,56,219,3.9,3,93,509,5.5,5,35,-10
Old Dominion,58,2019-10-05,5,,Western Kentucky,64,L,11,27,40.7,105,0,31,55,1.8,0,58,160,2.8,0,3,-17
Ole Miss,116,2019-10-05,6,,Vanderbilt,120,W,10,18,55.6,99,0,44,413,9.4,4,62,512,8.3,4,31,25
Oregon,99,2019-10-05,5,,California,97,W,20,33,60.6,214,1,40,190,4.8,1,73,404,5.5,2,17,10
Oregon St.,100,2019-10-05,5,@,UCLA,102,W,18,26,69.2,285,5,32,163,5.1,2,58,448,7.7,7,48,17
Penn State,37,2019-10-05,5,,Purdue,38,W,20,29,69.0,264,3,46,196,4.3,2,75,460,6.1,5,35,28
Pittsburgh,22,2019-10-05,6,@,Duke,15,W,29,48,60.4,268,3,35,69,2.0,0,83,337,4.1,4,33,3
Purdue,38,2019-10-05,5,@,Penn State,37,L,14,28,50.0,123,1,28,-19,-0.7,0,56,104,1.9,1,7,-28
Rice,59,2019-10-05,6,@,UAB,61,L,16,36,44.4,171,2,37,134,3.6,1,73,305,4.2,3,20,-15
Rutgers,39,2019-10-05,5,,Maryland,30,L,13,25,52.0,163,0,47,151,3.2,1,72,314,4.4,1,7,-41
San Diego St.,90,2019-10-05,5,@,Colorado St.,85,W,16,20,80.0,147,3,43,91,2.1,0,63,238,3.8,3,24,14
SMU,8,2019-10-05,6,,Tulsa,12,W,24,42,57.1,310,1,49,130,2.7,3,91,440,4.8,5,43,6
South Florida,9,2019-10-05,5,@,Connecticut,3,W,12,22,54.5,190,4,42,313,7.5,3,64,503,7.9,7,48,26
Stanford,101,2019-10-05,6,,Washington,105,W,21,31,67.7,293,1,43,189,4.4,1,74,482,6.5,2,23,10
Tennessee,118,2019-10-05,5,,Georgia,111,L,15,33,45.5,273,2,29,70,2.4,0,62,343,5.5,2,14,-29
Texas,48,2019-10-05,5,@,West Virginia,50,W,18,33,54.5,211,2,47,224,4.8,4,80,435,5.4,6,42,11
TCU,47,2019-10-05,5,@,Iowa St.,42,L,21,30,70.0,221,2,33,108,3.3,1,63,329,5.2,3,24,-25
Texas Tech,49,2019-10-05,5,,Oklahoma St.,46,W,26,44,59.1,424,4,35,162,4.6,1,79,586,7.4,5,45,10
Toledo,81,2019-10-05,5,,Western Michigan,82,W,14,22,63.6,200,2,53,275,5.2,2,75,475,6.3,4,31,7
Troy,129,2019-10-05,5,@,Missouri,115,L,20,35,57.1,150,1,31,61,2.0,0,66,211,3.2,1,10,-32
Tulane,11,2019-10-05,5,@,Army,65,W,15,21,71.4,201,1,53,324,6.1,5,74,525,7.1,6,42,9
Tulsa,12,2019-10-05,5,@,SMU,8,L,23,41,56.1,346,4,35,154,4.4,0,76,500,6.6,5,37,-6
UAB,61,2019-10-05,5,,Rice,59,W,14,26,53.8,282,3,35,129,3.7,2,61,411,6.7,5,35,15
UCLA,102,2019-10-05,6,,Oregon St.,100,L,27,41,65.9,236,1,48,256,5.3,2,89,492,5.5,4,31,-17
UNLV,92,2019-10-05,5,,Boise St.,84,L,24,55,43.6,262,2,31,69,2.2,0,86,331,3.8,2,13,-25
Utah St.,93,2019-10-05,5,@,LSU,113,L,16,31,51.6,140,0,21,28,1.3,0,52,168,3.2,0,6,-36
UTEP,62,2019-10-05,5,,UTSA,63,L,16,31,51.6,181,1,30,99,3.3,1,61,280,4.6,2,16,-10
UTSA,63,2019-10-05,5,@,UTEP,62,W,6,14,42.9,46,1,48,320,6.7,2,62,366,5.9,3,26,10
Vanderbilt,120,2019-10-05,5,@,Ole Miss,116,L,25,46,54.3,202,0,27,62,2.3,0,73,264,3.6,0,6,-25
Virginia Tech,25,2019-10-05,5,@,Miami (FL),19,W,10,20,50.0,184,3,43,153,3.6,3,63,337,5.3,6,42,7
Washington,105,2019-10-05,6,@,Stanford,101,L,16,36,44.4,206,1,22,88,4.0,0,58,294,5.1,1,13,-10
West Virginia,50,2019-10-05,5,,Texas,48,L,31,46,67.4,367,3,23,96,4.2,1,69,463,6.7,4,31,-11
Western Kentucky,64,2019-10-05,5,@,Old Dominion,58,W,21,29,72.4,193,1,37,127,3.4,1,66,320,4.8,2,20,17
Western Michigan,82,2019-10-05,6,@,Toledo,81,L,25,51,49.0,303,2,29,117,4.0,1,80,420,5.3,3,24,-7
Wisconsin,40,2019-10-05,5,,Kent State,77,W,17,20,85.0,172,2,55,348,6.3,5,75,520,6.9,7,48,48
Appalachian St.,121,2019-10-09,5,@,Louisiana,126,W,11,17,64.7,147,0,53,196,3.7,2,70,343,4.9,2,17,10
Louisiana,126,2019-10-09,6,,Appalachian St.,121,L,13,24,54.2,131,1,33,123,3.7,0,57,254,4.5,1,7,-10
UL Monroe,130,2019-10-10,6,@,Texas St.,128,W,18,33,54.5,225,0,42,204,4.9,3,75,429,5.7,3,24,10
NC State,20,2019-10-10,6,,Syracuse,23,W,18,31,58.1,260,1,34,104,3.1,0,65,364,5.6,1,16,6
Syracuse,23,2019-10-10,6,@,NC State,20,L,29,39,74.4,300,1,37,41,1.1,0,76,341,4.5,1,10,-6
Texas St.,128,2019-10-10,6,,UL Monroe,130,L,20,39,51.3,246,1,28,92,3.3,1,67,338,5.0,2,14,-10
Colorado,98,2019-10-11,6,@,Oregon,99,L,19,34,55.9,131,0,40,168,4.2,0,74,299,4.0,0,3,-42
Colorado St.,85,2019-10-11,7,@,New Mexico,89,W,25,34,73.5,420,3,38,131,3.4,2,72,551,7.7,5,35,14
Miami (FL),19,2019-10-11,6,,Virginia,24,W,16,27,59.3,182,1,25,83,3.3,1,52,265,5.1,2,17,8
New Mexico,89,2019-10-11,6,,Colorado St.,85,L,8,17,47.1,89,0,49,256,5.2,3,66,345,5.2,3,21,-14
Oregon,99,2019-10-11,6,,Colorado,98,W,19,35,54.3,275,2,36,252,7.0,4,71,527,7.4,6,45,42
Virginia,24,2019-10-11,6,@,Miami (FL),19,L,25,42,59.5,252,0,31,74,2.4,0,73,326,4.5,0,9,-8
Air Force,83,2019-10-12,6,,Fresno St.,86,W,2,3,66.7,81,1,69,340,4.9,4,72,421,5.8,6,43,19
Akron,71,2019-10-12,6,,Kent State,77,L,17,29,58.6,202,0,32,95,3.0,0,61,297,4.9,0,3,-23
Alabama,107,2019-10-12,6,@,Texas A&M,119,W,21,34,61.8,293,4,31,155,5.0,1,65,448,6.9,6,47,19
Arizona,95,2019-10-12,6,,Washington,105,L,16,33,48.5,209,1,39,151,3.9,2,72,360,5.0,3,27,-24
Arizona St.,96,2019-10-12,6,,Washington St.,106,W,26,36,72.2,363,3,32,169,5.3,2,68,532,7.8,5,38,4
Arkansas,108,2019-10-12,6,@,Kentucky,112,L,12,27,44.4,122,0,30,183,6.1,2,57,305,5.4,2,20,-4
Army,65,2019-10-12,6,@,Western Kentucky,64,L,5,12,41.7,71,1,36,137,3.8,0,48,208,4.3,1,8,-9
Ball St.,72,2019-10-12,6,@,Eastern Michigan,76,W,23,32,71.9,255,2,47,196,4.2,2,79,451,5.7,4,29,6
Baylor,41,2019-10-12,6,,Texas Tech,49,W,24,38,63.2,352,0,38,173,4.6,4,76,525,6.9,4,33,3
Boise St.,84,2019-10-12,6,,Hawaii,87,W,21,37,56.8,315,5,39,203,5.2,3,76,518,6.8,8,59,22
Bowling Green,73,2019-10-12,6,,Toledo,81,W,14,21,66.7,185,1,41,240,5.9,1,62,425,6.9,2,20,13
BYU,66,2019-10-12,6,@,South Florida,9,L,21,33,63.6,221,1,56,218,3.9,1,89,439,4.9,2,23,-4
Central Michigan,75,2019-10-12,7,,New Mexico State,69,W,14,24,58.3,134,2,56,352,6.3,3,80,486,6.1,5,42,14
Charlotte,51,2019-10-12,6,@,Florida Intl,53,L,7,13,53.8,113,1,41,217,5.3,2,54,330,6.1,3,23,-25
Cincinnati,2,2019-10-12,6,@,Houston,5,W,14,24,58.3,263,3,34,131,3.9,1,58,394,6.8,5,38,15
Clemson,14,2019-10-12,6,,Florida St.,16,W,24,38,63.2,232,3,53,320,6.0,2,91,552,6.1,6,45,31
Coastal Carolina,123,2019-10-12,6,,Georgia St.,125,L,19,31,61.3,217,2,27,105,3.9,0,58,322,5.6,2,21,-10
Connecticut,3,2019-10-12,6,@,Tulane,11,L,19,31,61.3,134,1,29,100,3.4,0,60,234,3.9,1,7,-42
Duke,15,2019-10-12,6,,Georgia Tech,17,W,11,20,55.0,176,0,55,197,3.6,4,75,373,5.0,5,41,18
Eastern Michigan,76,2019-10-12,6,,Ball St.,72,L,20,36,55.6,283,1,33,89,2.7,2,69,372,5.4,3,23,-6
Florida,110,2019-10-12,7,@,LSU,113,L,24,44,54.5,311,4,40,146,3.7,0,84,457,5.4,4,28,-14
Florida Atlantic,52,2019-10-12,6,,Middle Tennessee,56,W,16,31,51.6,161,1,40,203,5.1,2,71,364,5.1,3,28,15
Florida Intl,53,2019-10-12,6,,Charlotte,51,W,13,16,81.3,160,2,53,350,6.6,5,69,510,7.4,7,48,25
Florida St.,16,2019-10-12,6,@,Clemson,14,L,17,35,48.6,150,1,23,103,4.5,1,58,253,4.4,2,14,-31
Fresno St.,86,2019-10-12,5,@,Air Force,83,L,20,27,74.1,209,2,15,59,3.9,1,42,268,6.4,3,24,-19
Georgia,111,2019-10-12,6,,South Carolina,117,L,28,52,53.8,295,1,43,173,4.0,1,95,468,4.9,2,17,-3
Georgia St.,125,2019-10-12,6,@,Coastal Carolina,123,W,16,24,66.7,122,1,56,350,6.3,3,80,472,5.9,4,31,10
Georgia Tech,17,2019-10-12,6,@,Duke,15,L,15,35,42.9,206,1,40,173,4.3,2,75,379,5.1,3,23,-18
Hawaii,87,2019-10-12,6,@,Boise St.,84,L,26,50,52.0,325,4,19,113,5.9,1,69,438,6.3,5,37,-22
Houston,5,2019-10-12,6,,Cincinnati,2,L,10,30,33.3,234,3,37,190,5.1,0,67,424,6.3,3,23,-15
Illinois,27,2019-10-12,6,,Michigan,31,L,16,29,55.2,192,1,43,64,1.5,2,72,256,3.6,3,25,-17
Indiana,28,2019-10-12,6,,Rutgers,39,W,24,35,68.6,297,3,38,260,6.8,1,73,557,7.6,5,35,35
Iowa,29,2019-10-12,6,,Penn State,37,L,25,43,58.1,286,1,30,70,2.3,0,73,356,4.9,1,12,-5
Iowa St.,42,2019-10-12,6,@,West Virginia,50,W,19,30,63.3,229,1,43,143,3.3,4,73,372,5.1,5,38,24
Kent State,77,2019-10-12,6,@,Akron,71,W,16,21,76.2,149,1,48,233,4.9,1,69,382,5.5,2,26,23
Kentucky,112,2019-10-12,6,,Arkansas,108,W,8,12,66.7,88,1,54,330,6.1,2,66,418,6.3,3,24,4
Louisiana Tech,54,2019-10-12,6,,Massachusetts,68,W,19,35,54.3,304,4,38,385,10.1,4,73,689,9.4,9,69,48
Louisville,18,2019-10-12,6,@,Wake Forest,26,W,17,25,68.0,295,4,44,225,5.1,3,69,520,7.5,8,62,3
LSU,113,2019-10-12,6,,Florida,110,W,21,24,87.5,293,3,24,218,9.1,3,48,511,10.6,6,42,14
Marshall,55,2019-10-12,6,,Old Dominion,58,W,20,32,62.5,208,1,46,236,5.1,3,78,444,5.7,4,31,14
Maryland,30,2019-10-12,6,@,Purdue,38,L,21,39,53.8,218,0,26,185,7.1,2,65,403,6.2,2,14,-26
Massachusetts,68,2019-10-12,7,@,Louisiana Tech,54,L,25,43,58.1,221,1,41,126,3.1,2,84,347,4.1,3,21,-48
Memphis,6,2019-10-12,6,@,Temple,10,L,28,44,63.6,363,2,33,129,3.9,2,77,492,6.4,4,28,-2
Miami (OH),78,2019-10-12,6,@,Western Michigan,82,L,26,46,56.5,260,0,34,105,3.1,1,80,365,4.6,1,16,-22
Michigan,31,2019-10-12,6,@,Illinois,27,W,11,22,50.0,194,3,48,295,6.1,3,70,489,7.0,6,42,17
Michigan St.,32,2019-10-12,7,@,Wisconsin,40,L,12,30,40.0,119,0,21,30,1.4,0,51,149,2.9,0,0,-38
Middle Tennessee,56,2019-10-12,6,@,Florida Atlantic,52,L,24,42,57.1,335,1,29,124,4.3,1,71,459,6.5,2,13,-15
Minnesota,33,2019-10-12,6,,Nebraska,34,W,8,13,61.5,128,1,49,322,6.6,4,62,450,7.3,5,34,27
Mississippi St.,114,2019-10-12,6,@,Tennessee,118,L,11,21,52.4,146,1,37,121,3.3,0,58,267,4.6,1,10,-10
Missouri,115,2019-10-12,6,,Ole Miss,116,W,23,35,65.7,329,1,43,233,5.4,3,78,562,7.2,4,38,11
Navy,7,2019-10-12,5,@,Tulsa,12,W,3,5,60.0,35,0,58,388,6.7,6,63,423,6.7,6,45,28
Nebraska,34,2019-10-12,7,@,Minnesota,33,L,15,29,51.7,148,0,43,151,3.5,1,72,299,4.2,1,7,-27
Nevada,88,2019-10-12,6,,San Jose St.,91,W,22,37,59.5,352,1,51,189,3.7,3,88,541,6.1,5,41,3
New Mexico State,69,2019-10-12,7,@,Central Michigan,75,L,24,40,60.0,263,3,27,121,4.5,1,67,384,5.7,4,28,-14
North Texas,57,2019-10-12,6,@,Southern Miss,60,L,14,31,45.2,256,4,32,122,3.8,0,63,378,6.0,4,27,-18
Northern Illinois,79,2019-10-12,6,@,Ohio,80,W,24,40,60.0,341,1,31,169,5.5,3,71,510,7.2,5,39,3
Notre Dame,70,2019-10-12,6,,USC,103,W,17,32,53.1,165,1,48,308,6.4,2,80,473,5.9,3,30,3
Ohio,80,2019-10-12,6,,Northern Illinois,79,L,20,33,60.6,260,3,34,178,5.2,2,67,438,6.5,5,36,-3
Oklahoma,45,2019-10-12,6,N,Texas,48,W,16,28,57.1,235,3,38,276,7.3,1,66,511,7.7,4,34,7
Old Dominion,58,2019-10-12,6,@,Marshall,55,L,9,16,56.3,123,1,36,83,2.3,1,52,206,4.0,2,17,-14
Ole Miss,116,2019-10-12,7,@,Missouri,115,L,18,33,54.5,236,2,45,204,4.5,2,78,440,5.6,4,27,-11
Oregon St.,100,2019-10-12,6,,Utah,104,L,22,42,52.4,169,1,22,48,2.2,0,64,217,3.4,1,7,-45
Penn State,37,2019-10-12,6,@,Iowa,29,W,12,24,50.0,117,1,53,177,3.3,1,77,294,3.8,2,17,5
Purdue,38,2019-10-12,6,,Maryland,30,W,33,41,80.5,420,3,37,127,3.4,1,78,547,7.0,5,40,26
Rutgers,39,2019-10-12,6,@,Indiana,28,L,5,13,38.5,1,0,33,74,2.2,0,46,75,1.6,0,0,-35
San Diego St.,90,2019-10-12,6,,Wyoming,94,W,21,32,65.6,209,2,36,120,3.3,1,68,329,4.8,3,26,4
San Jose St.,91,2019-10-12,6,@,Nevada,88,L,23,45,51.1,405,3,16,15,0.9,2,61,420,6.9,5,38,-3
South Carolina,117,2019-10-12,6,@,Georgia,111,W,21,32,65.6,155,1,36,142,3.9,0,68,297,4.4,2,20,3
South Florida,9,2019-10-12,6,,BYU,66,W,7,14,50.0,72,1,44,243,5.5,3,58,315,5.4,4,27,4
Southern Miss,60,2019-10-12,6,,North Texas,57,W,29,36,80.6,421,3,37,142,3.8,3,73,563,7.7,6,45,18
Temple,10,2019-10-12,6,,Memphis,6,W,24,37,64.9,263,2,48,193,4.0,1,85,456,5.4,3,30,2
Tennessee,118,2019-10-12,6,,Mississippi St.,114,W,10,14,71.4,167,1,44,190,4.3,1,58,357,6.2,2,20,10
Texas,48,2019-10-12,6,N,Oklahoma,45,L,26,38,68.4,210,0,36,100,2.8,3,74,310,4.2,3,27,-7
Texas A&M,119,2019-10-12,6,,Alabama,107,L,24,42,57.1,264,2,28,125,4.5,1,70,389,5.6,3,28,-19
Texas Tech,49,2019-10-12,6,@,Baylor,41,L,31,42,73.8,362,1,43,148,3.4,2,85,510,6.0,3,30,-3
Toledo,81,2019-10-12,6,@,Bowling Green,73,L,23,35,65.7,260,1,39,132,3.4,0,74,392,5.3,1,7,-13
Tulane,11,2019-10-12,6,,Connecticut,3,W,26,34,76.5,323,3,46,311,6.8,3,80,634,7.9,7,49,42
Tulsa,12,2019-10-12,6,,Navy,7,L,23,49,46.9,254,1,29,69,2.4,1,78,323,4.1,2,17,-28
UAB,61,2019-10-12,6,@,UTSA,63,W,17,26,65.4,294,2,41,198,4.8,1,67,492,7.3,3,33,19
UNLV,92,2019-10-12,6,@,Vanderbilt,120,W,11,16,68.8,172,2,53,206,3.9,2,69,378,5.5,4,34,24
USC,103,2019-10-12,6,@,Notre Dame,70,L,24,35,68.6,255,2,35,171,4.9,1,70,426,6.1,3,27,-3
Utah,104,2019-10-12,6,@,Oregon St.,100,W,14,18,77.8,247,2,42,256,6.1,4,60,503,8.4,7,52,45
UTSA,63,2019-10-12,6,,UAB,61,L,8,20,40.0,94,0,36,126,3.5,2,56,220,3.9,2,14,-19
Vanderbilt,120,2019-10-12,6,,UNLV,92,L,16,41,39.0,140,0,22,166,7.5,1,63,306,4.9,1,10,-24
Virginia Tech,25,2019-10-12,6,,Rhode Island,158,W,16,28,57.1,261,3,40,224,5.6,1,68,485,7.1,4,34,17
Wake Forest,26,2019-10-12,6,,Louisville,18,L,33,56,58.9,423,5,46,245,5.3,3,102,668,6.5,8,59,-3
Washington,105,2019-10-12,7,@,Arizona,95,W,15,22,68.2,243,2,45,207,4.6,3,67,450,6.7,6,51,24
Washington St.,106,2019-10-12,6,@,Arizona St.,96,L,44,66,66.7,466,3,10,32,3.2,1,76,498,6.6,4,34,-4
West Virginia,50,2019-10-12,6,,Iowa St.,42,L,19,25,76.0,149,1,28,41,1.5,0,53,190,3.6,2,14,-24
Western Kentucky,64,2019-10-12,6,,Army,65,W,21,30,70.0,140,0,51,225,4.4,2,81,365,4.5,2,17,9
Western Michigan,82,2019-10-12,7,,Miami (OH),78,W,15,25,60.0,137,2,40,173,4.3,2,65,310,4.8,5,38,22
Wisconsin,40,2019-10-12,6,,Michigan St.,32,W,18,21,85.7,180,1,46,222,4.8,3,67,402,6.0,5,38,38
Wyoming,94,2019-10-12,6,@,San Diego St.,90,L,5,14,35.7,109,1,39,157,4.0,2,53,266,5.0,3,22,-4
South Alabama,127,2019-10-16,7,@,Troy,129,L,20,38,52.6,183,0,34,91,2.7,1,72,274,3.8,1,13,-24
Troy,129,2019-10-16,6,,South Alabama,127,W,21,31,67.7,212,2,51,220,4.3,1,82,432,5.3,4,37,24
Arkansas St.,122,2019-10-17,7,,Louisiana,126,L,23,34,67.6,303,2,49,170,3.5,0,83,473,5.7,2,20,-17
Louisiana,126,2019-10-17,7,@,Arkansas St.,122,W,17,25,68.0,181,0,46,315,6.8,5,71,496,7.0,5,37,17
Stanford,101,2019-10-17,7,,UCLA,102,L,15,32,46.9,143,0,30,55,1.8,1,62,198,3.2,2,16,-18
UCLA,102,2019-10-17,7,@,Stanford,101,W,21,34,61.8,192,2,43,263,6.1,2,77,455,5.9,4,34,18
Florida Atlantic,52,2019-10-18,7,,Marshall,55,L,21,39,53.8,362,0,36,57,1.6,4,75,419,5.6,4,31,-5
Fresno St.,86,2019-10-18,6,,UNLV,92,W,16,23,69.6,229,1,36,260,7.2,6,59,489,8.3,8,56,29
Marshall,55,2019-10-18,7,@,Florida Atlantic,52,W,15,24,62.5,206,2,43,255,5.9,2,67,461,6.9,4,36,5
Northwestern,35,2019-10-18,6,,Ohio St.,36,L,6,21,28.6,42,0,47,157,3.3,0,68,199,2.9,0,3,-49
Ohio St.,36,2019-10-18,7,@,Northwestern,35,W,19,26,73.1,201,5,37,279,7.5,2,63,480,7.6,7,52,49
Pittsburgh,22,2019-10-18,7,@,Syracuse,23,W,18,33,54.5,232,2,43,145,3.4,1,76,377,5.0,3,27,7
Syracuse,23,2019-10-18,7,,Pittsburgh,22,L,19,44,43.2,277,2,34,51,1.5,0,78,328,4.2,2,20,-7
UNLV,92,2019-10-18,7,@,Fresno St.,86,L,16,34,47.1,257,3,40,157,3.9,0,74,414,5.6,3,27,-29
Air Force,83,2019-10-19,7,@,Hawaii,87,W,6,7,85.7,169,1,50,354,7.1,6,57,523,9.2,8,56,30
Akron,71,2019-10-19,7,,Buffalo,74,L,22,39,56.4,193,0,21,3,0.1,0,60,196,3.3,0,0,-21
Alabama,107,2019-10-19,7,,Tennessee,118,W,18,24,75.0,233,1,34,140,4.1,3,58,373,6.4,5,35,22
Appalachian St.,121,2019-10-19,6,,UL Monroe,130,W,19,32,59.4,270,4,52,302,5.8,3,84,572,6.8,7,52,45
Arizona,95,2019-10-19,7,@,USC,103,L,22,37,59.5,243,2,38,142,3.7,0,75,385,5.1,2,14,-27
Arizona St.,96,2019-10-19,7,@,Utah,104,L,4,18,22.2,25,0,33,111,3.4,0,51,136,2.7,0,3,-18
Arkansas,108,2019-10-19,7,,Auburn,109,L,19,40,47.5,182,1,28,52,1.9,0,68,234,3.4,1,10,-41
Army,65,2019-10-19,7,@,Georgia St.,125,L,6,11,54.5,65,0,61,278,4.6,3,72,343,4.8,3,21,-7
Auburn,109,2019-10-19,7,@,Arkansas,108,W,13,19,68.4,193,4,51,298,5.8,3,70,491,7.0,7,51,41
Ball St.,72,2019-10-19,7,,Toledo,81,W,11,17,64.7,206,3,49,376,7.7,4,66,582,8.8,7,52,38
Baylor,41,2019-10-19,7,@,Oklahoma St.,46,W,13,17,76.5,312,1,37,224,6.1,4,54,536,9.9,6,45,18
Boise St.,84,2019-10-19,7,@,BYU,66,L,18,32,56.3,185,2,40,174,4.4,1,72,359,5.0,3,25,-3
Boston College,13,2019-10-19,7,,NC State,20,W,6,15,40.0,103,0,60,429,7.2,5,75,532,7.1,6,45,21
Bowling Green,73,2019-10-19,7,,Central Michigan,75,L,13,29,44.8,166,1,37,178,4.8,1,66,344,5.2,3,20,-18
BYU,66,2019-10-19,7,,Boise St.,84,W,15,26,57.7,221,2,33,131,4.0,2,59,352,6.0,4,28,3
Buffalo,74,2019-10-19,7,@,Akron,71,W,14,23,60.9,65,0,42,189,4.5,1,65,254,3.9,3,21,21
California,97,2019-10-19,7,,Oregon St.,100,L,14,33,42.4,175,1,43,107,2.5,1,76,282,3.7,2,17,-4
Central Michigan,75,2019-10-19,8,@,Bowling Green,73,W,23,37,62.2,299,1,40,254,6.4,4,77,553,7.2,5,38,18
Charlotte,51,2019-10-19,7,@,Western Kentucky,64,L,15,29,51.7,200,1,30,86,2.9,1,59,286,4.8,2,14,-16
Cincinnati,2,2019-10-19,7,,Tulsa,12,W,12,22,54.5,172,1,41,145,3.5,2,63,317,5.0,3,24,11
Clemson,14,2019-10-19,7,@,Louisville,18,W,22,33,66.7,253,3,37,298,8.1,3,70,551,7.9,6,45,35
Coastal Carolina,123,2019-10-19,7,@,Georgia Southern,124,L,11,14,78.6,96,1,47,132,2.8,2,61,228,3.7,3,27,-3
Colorado,98,2019-10-19,7,@,Washington St.,106,L,17,34,50.0,141,0,36,179,5.0,1,70,320,4.6,1,10,-31
Connecticut,3,2019-10-19,7,,Houston,5,L,27,44,61.4,270,2,31,168,5.4,0,75,438,5.8,2,17,-7
Duke,15,2019-10-19,7,@,Virginia,24,L,15,30,50.0,118,2,41,132,3.2,0,71,250,3.5,2,14,-34
East Carolina,4,2019-10-19,7,@,Central Florida,1,L,23,37,62.2,313,1,49,170,3.5,2,86,483,5.6,3,28,-13
Eastern Michigan,76,2019-10-19,7,,Western Michigan,82,W,35,41,85.4,407,3,38,140,3.7,1,79,547,6.9,4,34,7
Florida,110,2019-10-19,8,@,South Carolina,117,W,21,33,63.6,200,4,29,155,5.3,1,62,355,5.7,5,38,11
Florida Intl,53,2019-10-19,7,,UTEP,62,W,9,17,52.9,150,1,32,185,5.8,2,49,335,6.8,3,32,15
Florida St.,16,2019-10-19,7,@,Wake Forest,26,L,27,43,62.8,280,2,46,169,3.7,1,89,449,5.0,3,20,-2
Georgia,111,2019-10-19,7,,Kentucky,112,W,9,12,75.0,35,0,40,244,6.1,3,52,279,5.4,3,21,21
Georgia Southern,124,2019-10-19,6,,Coastal Carolina,123,W,4,8,50.0,61,2,64,300,4.7,2,72,361,5.0,4,30,3
Georgia St.,125,2019-10-19,7,,Army,65,W,20,28,71.4,232,3,32,147,4.6,1,60,379,6.3,4,28,7
Georgia Tech,17,2019-10-19,7,@,Miami (FL),19,W,10,19,52.6,138,2,45,207,4.6,1,64,345,5.4,4,28,7
Hawaii,87,2019-10-19,7,,Air Force,83,L,34,53,64.2,404,3,20,82,4.1,0,73,486,6.7,3,26,-30
Houston,5,2019-10-19,7,@,Connecticut,3,W,9,18,50.0,178,1,34,108,3.2,2,52,286,5.5,3,24,7
Illinois,27,2019-10-19,7,,Wisconsin,40,W,9,21,42.9,174,2,35,141,4.0,1,56,315,5.6,3,24,1
Indiana,28,2019-10-19,7,@,Maryland,30,W,29,41,70.7,334,2,30,189,6.3,2,71,523,7.4,4,34,6
Iowa,29,2019-10-19,7,,Purdue,38,W,23,33,69.7,260,0,33,102,3.1,2,66,362,5.5,2,26,6
Iowa St.,42,2019-10-19,7,@,Texas Tech,49,W,23,32,71.9,378,3,23,186,8.1,2,55,564,10.3,5,34,10
Kansas,43,2019-10-19,7,@,Texas,48,L,27,47,57.4,310,4,39,259,6.6,2,86,569,6.6,6,48,-2
Kansas St.,44,2019-10-19,6,,TCU,47,W,11,23,47.8,172,2,29,112,3.9,1,52,284,5.5,3,24,7
Kent State,77,2019-10-19,7,@,Ohio,80,L,24,35,68.6,262,4,39,214,5.5,1,74,476,6.4,5,38,-7
Kentucky,112,2019-10-19,7,@,Georgia,111,L,2,16,12.5,17,0,34,163,4.8,0,50,180,3.6,0,0,-21
Liberty,67,2019-10-19,7,,Maine,156,W,23,36,63.9,351,5,27,138,5.1,2,63,489,7.8,8,59,15
Louisiana Tech,54,2019-10-19,7,,Southern Miss,60,W,14,21,66.7,325,1,40,151,3.8,4,61,476,7.8,6,45,15
UL Monroe,130,2019-10-19,7,@,Appalachian St.,121,L,11,27,40.7,102,0,29,111,3.8,1,56,213,3.8,1,7,-45
Louisville,18,2019-10-19,7,,Clemson,14,L,8,22,36.4,107,0,43,156,3.6,1,65,263,4.0,1,10,-35
LSU,113,2019-10-19,7,@,Mississippi St.,114,W,25,35,71.4,327,4,25,86,3.4,0,60,413,6.9,4,36,23
Maryland,30,2019-10-19,7,,Indiana,28,L,17,27,63.0,210,2,37,173,4.7,2,64,383,6.0,4,28,-6
Memphis,6,2019-10-19,7,,Tulane,11,W,21,30,70.0,358,5,34,112,3.3,1,64,470,7.3,6,47,30
Miami (FL),19,2019-10-19,7,,Georgia Tech,17,L,17,31,54.8,200,2,32,157,4.9,1,63,357,5.7,3,21,-7
Miami (OH),78,2019-10-19,7,,Northern Illinois,79,W,15,28,53.6,273,1,32,88,2.8,2,60,361,6.0,3,27,3
Michigan,31,2019-10-19,7,@,Penn State,37,L,24,41,58.5,276,0,39,141,3.6,3,80,417,5.2,3,21,-7
Middle Tennessee,56,2019-10-19,7,@,North Texas,57,L,25,48,52.1,255,1,30,178,5.9,2,78,433,5.6,3,30,-3
Minnesota,33,2019-10-19,7,@,Rutgers,39,W,15,28,53.6,245,2,45,198,4.4,3,73,443,6.1,6,42,35
Mississippi St.,114,2019-10-19,7,,LSU,113,L,17,28,60.7,238,1,37,102,2.8,1,65,340,5.2,2,13,-23
Missouri,115,2019-10-19,7,@,Vanderbilt,120,L,13,26,50.0,140,1,40,153,3.8,1,66,293,4.4,2,14,-7
Navy,7,2019-10-19,6,,South Florida,9,W,1,4,25.0,23,1,58,435,7.5,4,62,458,7.4,5,35,32
Nevada,88,2019-10-19,7,@,Utah St.,93,L,17,38,44.7,213,0,35,113,3.2,1,73,326,4.5,1,10,-26
New Mexico,89,2019-10-19,7,@,Wyoming,94,L,14,28,50.0,203,1,37,169,4.6,0,65,372,5.7,1,10,-13
North Carolina,21,2019-10-19,7,@,Virginia Tech,25,L,26,49,53.1,348,5,40,143,3.6,0,89,491,5.5,5,41,-2
NC State,20,2019-10-19,7,@,Boston College,13,L,20,44,45.5,310,3,27,56,2.1,0,71,366,5.2,3,24,-21
North Texas,57,2019-10-19,7,,Middle Tennessee,56,W,33,45,73.3,375,1,33,132,4.0,1,78,507,6.5,3,33,3
Northern Illinois,79,2019-10-19,7,@,Miami (OH),78,L,21,35,60.0,235,1,42,117,2.8,2,77,352,4.6,3,24,-3
Ohio,80,2019-10-19,7,,Kent State,77,W,19,28,67.9,342,2,46,229,5.0,4,74,571,7.7,6,45,7
Oklahoma,45,2019-10-19,7,,West Virginia,50,W,18,21,85.7,363,3,38,197,5.2,3,59,560,9.5,7,52,38
Oklahoma St.,46,2019-10-19,7,,Baylor,41,L,22,36,61.1,188,1,50,281,5.6,3,86,469,5.5,4,27,-18
Old Dominion,58,2019-10-19,7,@,UAB,61,L,8,26,30.8,111,0,32,53,1.7,1,58,164,2.8,1,14,-24
Ole Miss,116,2019-10-19,8,,Texas A&M,119,L,14,29,48.3,155,0,44,250,5.7,2,73,405,5.5,2,17,-7
Oregon,99,2019-10-19,7,@,Washington,105,W,24,38,63.2,280,4,34,188,5.5,1,72,468,6.5,5,35,4
Oregon St.,100,2019-10-19,7,@,California,97,W,18,34,52.9,174,2,41,108,2.6,1,75,282,3.8,3,21,4
Penn State,37,2019-10-19,7,,Michigan,31,W,14,25,56.0,182,3,26,111,4.3,1,51,293,5.7,4,28,7
Purdue,38,2019-10-19,7,@,Iowa,29,L,30,50,60.0,327,2,18,33,1.8,0,68,360,5.3,2,20,-6
Rice,59,2019-10-19,7,@,UTSA,63,L,20,29,69.0,223,2,34,146,4.3,1,63,369,5.9,3,27,-4
Rutgers,39,2019-10-19,7,,Minnesota,33,L,9,19,47.4,48,0,40,141,3.5,1,59,189,3.2,1,7,-35
San Diego St.,90,2019-10-19,7,@,San Jose St.,91,W,13,20,65.0,88,0,52,270,5.2,2,72,358,5.0,3,27,10
San Jose St.,91,2019-10-19,7,,San Diego St.,90,L,19,36,52.8,218,2,16,55,3.4,0,52,273,5.3,2,17,-10
SMU,8,2019-10-19,7,,Temple,10,W,30,54,55.6,457,6,55,198,3.6,0,109,655,6.0,6,45,24
South Carolina,117,2019-10-19,7,,Florida,110,L,17,35,48.6,170,1,43,217,5.0,2,78,387,5.0,3,27,-11
South Florida,9,2019-10-19,7,@,Navy,7,L,15,30,50.0,114,0,37,150,4.1,0,67,264,3.9,0,3,-32
Southern Miss,60,2019-10-19,7,@,Louisiana Tech,54,L,26,40,65.0,327,1,30,110,3.7,1,70,437,6.2,3,30,-15
Temple,10,2019-10-19,7,@,SMU,8,L,21,36,58.3,204,1,33,69,2.1,2,69,273,4.0,3,21,-24
Tennessee,118,2019-10-19,7,@,Alabama,107,L,12,24,50.0,117,0,36,116,3.2,1,60,233,3.9,1,13,-22
Texas,48,2019-10-19,7,,Kansas,43,W,31,45,68.9,399,4,40,239,6.0,2,85,638,7.5,6,50,2
Texas A&M,119,2019-10-19,7,@,Ole Miss,116,W,16,28,57.1,172,1,35,168,4.8,1,63,340,5.4,3,24,7
TCU,47,2019-10-19,6,@,Kansas St.,44,L,18,31,58.1,138,0,40,228,5.7,2,71,366,5.2,2,17,-7
Texas Tech,49,2019-10-19,7,,Iowa St.,42,L,40,52,76.9,239,1,34,168,4.9,2,86,407,4.7,3,24,-10
Toledo,81,2019-10-19,7,@,Ball St.,72,L,16,38,42.1,171,0,38,138,3.6,2,76,309,4.1,2,14,-38
Tulane,11,2019-10-19,7,@,Memphis,6,L,15,29,51.7,187,1,34,146,4.3,1,63,333,5.3,2,17,-30
Tulsa,12,2019-10-19,7,@,Cincinnati,2,L,21,43,48.8,243,0,43,134,3.1,1,86,377,4.4,1,13,-11
UAB,61,2019-10-19,7,,Old Dominion,58,W,15,29,51.7,260,2,43,176,4.1,3,72,436,6.1,5,38,24
Central Florida,1,2019-10-19,7,,East Carolina,4,W,24,40,60.0,414,3,47,197,4.2,3,87,611,7.0,6,41,13
USC,103,2019-10-19,7,,Arizona,95,W,21,30,70.0,247,2,36,201,5.6,3,66,448,6.8,5,41,27
Utah,104,2019-10-19,7,,Arizona St.,96,W,14,24,58.3,191,0,43,151,3.5,3,67,342,5.1,3,21,18
Utah St.,93,2019-10-19,6,,Nevada,88,W,15,33,45.5,174,1,44,244,5.5,2,77,418,5.4,4,36,26
UTEP,62,2019-10-19,6,@,Florida Intl,53,L,12,21,57.1,151,1,43,165,3.8,1,64,316,4.9,2,17,-15
UTSA,63,2019-10-19,7,,Rice,59,W,19,29,65.5,212,2,29,151,5.2,1,58,363,6.3,4,31,4
Vanderbilt,120,2019-10-19,7,,Missouri,115,W,10,19,52.6,165,2,42,150,3.6,1,61,315,5.2,3,21,7
Virginia,24,2019-10-19,7,,Duke,15,W,14,28,50.0,153,0,41,154,3.8,5,69,307,4.4,6,48,34
Virginia Tech,25,2019-10-19,7,,North Carolina,21,W,14,21,66.7,236,3,60,254,4.2,2,81,490,6.0,5,43,2
Wake Forest,26,2019-10-19,7,,Florida St.,16,W,21,38,55.3,308,0,40,116,2.9,1,78,424,5.4,1,22,2
Washington,105,2019-10-19,8,,Oregon,99,L,23,30,76.7,289,3,33,144,4.4,1,63,433,6.9,4,31,-4
Washington St.,106,2019-10-19,7,,Colorado,98,W,35,53,66.0,369,4,20,128,6.4,1,73,497,6.8,5,41,31
West Virginia,50,2019-10-19,7,@,Oklahoma,45,L,18,34,52.9,191,2,30,51,1.7,0,64,242,3.8,2,14,-38
Western Kentucky,64,2019-10-19,7,,Charlotte,51,W,22,31,71.0,291,3,35,60,1.7,0,66,351,5.3,3,30,16
Western Michigan,82,2019-10-19,8,@,Eastern Michigan,76,L,15,24,62.5,192,1,36,167,4.6,3,60,359,6.0,4,27,-7
Wisconsin,40,2019-10-19,7,@,Illinois,27,L,24,32,75.0,264,1,42,158,3.8,1,74,422,5.7,2,23,-1
Wyoming,94,2019-10-19,7,,New Mexico,89,W,9,15,60.0,86,1,55,259,4.7,2,70,345,4.9,3,23,13
Houston,5,2019-10-24,8,,SMU,8,L,18,35,51.4,407,2,40,103,2.6,1,75,510,6.8,3,31,-3
SMU,8,2019-10-24,8,@,Houston,5,W,20,38,52.6,203,2,34,182,5.4,2,72,385,5.3,4,34,3
Colorado,98,2019-10-25,8,,USC,103,L,27,43,62.8,324,3,34,196,5.8,1,77,520,6.8,4,31,-4
USC,103,2019-10-25,8,@,Colorado,98,W,30,44,68.2,406,4,26,112,4.3,1,70,518,7.4,5,35,4
Air Force,83,2019-10-26,8,,Utah St.,93,W,2,6,33.3,24,0,78,448,5.7,4,84,472,5.6,4,31,24
Akron,71,2019-10-26,8,@,Northern Illinois,79,L,7,26,26.9,51,0,25,94,3.8,0,51,145,2.8,0,0,-49
Alabama,107,2019-10-26,8,,Arkansas,108,W,24,30,80.0,280,3,38,179,4.7,2,68,459,6.8,6,48,41
Appalachian St.,121,2019-10-26,7,@,South Alabama,127,W,16,28,57.1,132,1,45,313,7.0,2,73,445,6.1,3,30,27
Arizona,95,2019-10-26,8,@,Stanford,101,L,24,40,60.0,273,3,37,222,6.0,1,77,495,6.4,4,31,-10
Arizona St.,96,2019-10-26,8,@,UCLA,102,L,20,29,69.0,267,3,28,116,4.1,1,57,383,6.7,4,32,-10
Arkansas,108,2019-10-26,8,@,Alabama,107,L,11,26,42.3,107,1,30,106,3.5,0,56,213,3.8,1,7,-41
Arkansas St.,122,2019-10-26,8,,Texas St.,128,W,18,28,64.3,158,2,53,206,3.9,3,81,364,4.5,5,38,24
Army,65,2019-10-26,8,,San Jose St.,91,L,7,13,53.8,103,1,70,326,4.7,3,83,429,5.2,4,29,-5
Auburn,109,2019-10-26,8,@,LSU,113,L,15,35,42.9,157,1,33,130,3.9,1,68,287,4.2,2,20,-3
Ball St.,72,2019-10-26,8,,Ohio,80,L,11,20,55.0,109,1,34,244,7.2,2,54,353,6.5,3,21,-13
Boston College,13,2019-10-26,8,@,Clemson,14,L,6,18,33.3,80,0,44,97,2.2,1,62,177,2.9,1,7,-52
Bowling Green,73,2019-10-26,8,@,Western Michigan,82,L,18,26,69.2,136,0,27,130,4.8,1,53,266,5.0,1,10,-39
Buffalo,74,2019-10-26,8,,Central Michigan,75,W,13,25,52.0,179,2,55,197,3.6,2,80,376,4.7,5,43,23
California,97,2019-10-26,8,@,Utah,104,L,9,22,40.9,60,0,20,25,1.3,0,42,85,2.0,0,0,-35
Central Michigan,75,2019-10-26,9,@,Buffalo,74,L,25,38,65.8,272,2,28,73,2.6,1,66,345,5.2,3,20,-23
Charlotte,51,2019-10-26,8,,North Texas,57,W,24,32,75.0,336,3,42,253,6.0,3,74,589,8.0,6,39,1
Clemson,14,2019-10-26,8,,Boston College,13,W,25,36,69.4,372,4,44,302,6.9,3,80,674,8.4,8,59,52
Colorado St.,85,2019-10-26,8,@,Fresno St.,86,W,23,42,54.8,322,2,39,178,4.6,3,81,500,6.2,5,41,10
Connecticut,3,2019-10-26,8,@,Massachusetts,68,W,19,28,67.9,213,2,39,329,8.4,6,67,542,8.1,8,56,21
Duke,15,2019-10-26,8,@,North Carolina,21,L,22,43,51.2,229,1,37,100,2.7,1,80,329,4.1,2,17,-3
East Carolina,4,2019-10-26,8,,South Florida,9,L,19,29,65.5,222,1,38,102,2.7,0,67,324,4.8,2,20,-25
Eastern Michigan,76,2019-10-26,8,@,Toledo,81,L,21,37,56.8,286,0,35,168,4.8,3,72,454,6.3,3,34,-3
Florida Atlantic,52,2019-10-26,8,@,Old Dominion,58,W,25,35,71.4,271,3,31,159,5.1,2,66,430,6.5,5,41,38
Florida Intl,53,2019-10-26,8,@,Middle Tennessee,56,L,17,33,51.5,230,2,33,90,2.7,0,66,320,4.8,2,17,-33
Florida St.,16,2019-10-26,8,,Syracuse,23,W,19,32,59.4,246,0,47,241,5.1,5,79,487,6.2,5,35,18
Fresno St.,86,2019-10-26,7,,Colorado St.,85,L,20,37,54.1,200,0,30,188,6.3,4,67,388,5.8,4,31,-10
Georgia Southern,124,2019-10-26,7,,New Mexico State,69,W,2,4,50.0,3,0,56,403,7.2,4,60,406,6.8,6,41,34
Georgia St.,125,2019-10-26,8,,Troy,129,W,18,25,72.0,189,2,57,390,6.8,5,82,579,7.1,7,52,19
Hawaii,87,2019-10-26,8,@,New Mexico,89,W,21,40,52.5,323,2,34,255,7.5,3,74,578,7.8,6,45,14
Illinois,27,2019-10-26,8,@,Purdue,38,W,3,7,42.9,26,0,53,242,4.6,2,60,268,4.5,3,24,18
Indiana,28,2019-10-26,8,@,Nebraska,34,W,27,40,67.5,351,2,31,104,3.4,3,71,455,6.4,5,38,7
Iowa,29,2019-10-26,8,@,Northwestern,35,W,12,26,46.2,179,1,40,123,3.1,1,66,302,4.6,2,20,20
Iowa St.,42,2019-10-26,8,,Oklahoma St.,46,L,39,62,62.9,382,1,25,86,3.4,2,87,468,5.4,3,27,-7
Kansas,43,2019-10-26,8,,Texas Tech,49,W,26,37,70.3,415,3,32,112,3.5,2,69,527,7.6,5,37,3
Kansas St.,44,2019-10-26,7,,Oklahoma,45,W,18,28,64.3,213,0,45,213,4.7,6,73,426,5.8,6,48,7
Kent State,77,2019-10-26,8,,Miami (OH),78,L,23,44,52.3,209,0,40,127,3.2,1,84,336,4.0,1,16,-7
Kentucky,112,2019-10-26,8,,Missouri,115,W,4,8,50.0,63,0,48,297,6.2,4,56,360,6.4,4,29,22
Liberty,67,2019-10-26,8,@,Rutgers,39,L,18,32,56.3,282,1,27,131,4.9,3,59,413,7.0,4,34,-10
Louisiana Tech,54,2019-10-26,8,@,UTEP,62,W,29,36,80.6,338,3,34,152,4.5,3,70,490,7.0,6,42,21
Louisville,18,2019-10-26,8,,Virginia,24,W,8,14,57.1,133,1,45,227,5.0,3,59,360,6.1,4,28,7
LSU,113,2019-10-26,8,,Auburn,109,W,32,42,76.2,321,1,46,187,4.1,2,88,508,5.8,3,23,3
Marshall,55,2019-10-26,8,,Western Kentucky,64,W,20,33,60.6,230,1,34,171,5.0,1,67,401,6.0,2,26,3
Maryland,30,2019-10-26,8,@,Minnesota,33,L,10,23,43.5,131,1,23,79,3.4,0,46,210,4.6,1,10,-42
Massachusetts,68,2019-10-26,8,,Connecticut,3,L,20,40,50.0,239,2,38,200,5.3,3,78,439,5.6,5,35,-21
Memphis,6,2019-10-26,8,@,Tulsa,12,W,16,26,61.5,306,2,33,192,5.8,4,59,498,8.4,6,42,1
Miami (FL),19,2019-10-26,8,@,Pittsburgh,22,W,14,32,43.8,154,1,27,54,2.0,1,59,208,3.5,2,16,4
Miami (OH),78,2019-10-26,8,@,Kent State,77,W,13,29,44.8,178,1,42,289,6.9,1,71,467,6.6,2,23,7
Michigan,31,2019-10-26,8,,Notre Dame,70,W,8,14,57.1,134,3,57,303,5.3,3,71,437,6.2,6,45,31
Michigan St.,32,2019-10-26,8,,Penn State,37,L,19,43,44.2,182,0,30,87,2.9,1,73,269,3.7,1,7,-21
Middle Tennessee,56,2019-10-26,8,,Florida Intl,53,W,6,12,50.0,25,1,55,483,8.8,6,67,508,7.6,7,50,33
Minnesota,33,2019-10-26,8,,Maryland,30,W,13,22,59.1,177,2,54,321,5.9,4,76,498,6.6,7,52,42
Mississippi St.,114,2019-10-26,8,@,Texas A&M,119,L,13,30,43.3,194,3,38,239,6.3,1,68,433,6.4,4,30,-19
Missouri,115,2019-10-26,8,@,Kentucky,112,L,14,29,48.3,164,1,34,125,3.7,0,63,289,4.6,1,7,-22
Navy,7,2019-10-26,7,,Tulane,11,W,2,8,25.0,68,1,55,386,7.0,3,63,454,7.2,5,41,3
Nebraska,34,2019-10-26,8,,Indiana,28,L,20,23,87.0,294,1,50,220,4.4,3,73,514,7.0,4,31,-7
Nevada,88,2019-10-26,8,@,Wyoming,94,L,27,45,60.0,254,0,28,81,2.9,0,73,335,4.6,0,3,-28
New Mexico,89,2019-10-26,8,,Hawaii,87,L,23,40,57.5,293,2,31,207,6.7,2,71,500,7.0,4,31,-14
New Mexico State,69,2019-10-26,8,@,Georgia Southern,124,L,13,23,56.5,59,0,54,209,3.9,1,77,268,3.5,1,7,-34
North Carolina,21,2019-10-26,8,,Duke,15,W,10,26,38.5,227,2,45,205,4.6,0,71,432,6.1,2,20,3
North Texas,57,2019-10-26,8,@,Charlotte,51,L,26,38,68.4,394,5,32,145,4.5,0,70,539,7.7,5,38,-1
Northern Illinois,79,2019-10-26,8,,Akron,71,W,7,9,77.8,71,3,62,274,4.4,2,71,345,4.9,7,49,49
Northwestern,35,2019-10-26,7,,Iowa,29,L,18,32,56.3,138,0,35,64,1.8,0,67,202,3.0,0,0,-20
Notre Dame,70,2019-10-26,7,@,Michigan,31,L,11,29,37.9,133,2,31,47,1.5,0,60,180,3.0,2,14,-31
Ohio,80,2019-10-26,8,@,Ball St.,72,W,8,16,50.0,131,0,56,316,5.6,4,72,447,6.2,4,34,13
Ohio St.,36,2019-10-26,8,,Wisconsin,40,W,12,22,54.5,167,2,50,264,5.3,3,72,431,6.0,5,38,31
Oklahoma,45,2019-10-26,8,@,Kansas St.,44,L,19,27,70.4,395,1,26,102,3.9,3,53,497,9.4,4,41,-7
Oklahoma St.,46,2019-10-26,8,@,Iowa St.,42,W,16,24,66.7,249,2,31,153,4.9,1,55,402,7.3,4,34,7
Old Dominion,58,2019-10-26,8,,Florida Atlantic,52,L,15,29,51.7,134,0,40,70,1.8,0,69,204,3.0,0,3,-38
Oregon,99,2019-10-26,8,,Washington St.,106,W,21,30,70.0,222,0,47,306,6.5,3,77,528,6.9,4,37,2
Penn State,37,2019-10-26,8,@,Michigan St.,32,W,18,32,56.3,189,4,36,118,3.3,0,68,307,4.5,4,28,21
Pittsburgh,22,2019-10-26,8,,Miami (FL),19,L,18,32,56.3,146,0,42,176,4.2,0,74,322,4.4,0,12,-4
Purdue,38,2019-10-26,8,,Illinois,27,L,15,33,45.5,136,1,44,135,3.1,0,77,271,3.5,1,6,-18
Rice,59,2019-10-26,8,,Southern Miss,60,L,14,31,45.2,131,1,30,8,0.3,0,61,139,2.3,1,6,-14
Rutgers,39,2019-10-26,8,,Liberty,67,W,15,21,71.4,192,2,55,271,4.9,3,76,463,6.1,5,44,10
San Diego St.,90,2019-10-26,8,@,UNLV,92,W,14,23,60.9,185,1,37,150,4.1,0,60,335,5.6,2,20,3
San Jose St.,91,2019-10-26,8,@,Army,65,W,20,31,64.5,314,3,17,89,5.2,0,48,403,8.4,3,34,5
South Alabama,127,2019-10-26,8,,Appalachian St.,121,L,6,19,31.6,52,0,38,87,2.3,0,57,139,2.4,0,3,-27
South Carolina,117,2019-10-26,8,@,Tennessee,118,L,28,51,54.9,319,1,30,78,2.6,2,81,397,4.9,3,21,-20
South Florida,9,2019-10-26,8,@,East Carolina,4,W,16,25,64.0,178,3,40,347,8.7,3,65,525,8.1,6,45,25
Southern Miss,60,2019-10-26,8,@,Rice,59,W,23,36,63.9,207,0,35,157,4.5,2,71,364,5.1,2,20,14
Stanford,101,2019-10-26,8,,Arizona,95,W,30,43,69.8,312,3,30,162,5.4,2,73,474,6.5,5,41,10
Syracuse,23,2019-10-26,8,@,Florida St.,16,L,20,33,60.6,151,0,51,192,3.8,2,84,343,4.1,2,17,-18
Temple,10,2019-10-26,8,,Central Florida,1,L,16,31,51.6,221,2,40,45,1.1,1,71,266,3.7,3,21,-42
Tennessee,118,2019-10-26,8,,South Carolina,117,W,18,30,60.0,351,3,38,134,3.5,0,68,485,7.1,5,41,20
Texas,48,2019-10-26,8,@,TCU,47,L,22,48,45.8,321,2,31,126,4.1,1,79,447,5.7,3,27,-10
Texas A&M,119,2019-10-26,8,,Mississippi St.,114,W,17,23,73.9,234,3,39,207,5.3,4,62,441,7.1,7,49,19
TCU,47,2019-10-26,7,,Texas,48,W,19,27,70.4,273,2,41,162,4.0,2,68,435,6.4,4,37,10
Texas St.,128,2019-10-26,7,@,Arkansas St.,122,L,15,27,55.6,146,1,24,81,3.4,1,51,227,4.5,2,14,-24
Texas Tech,49,2019-10-26,8,@,Kansas,43,L,23,34,67.6,271,3,45,212,4.7,1,79,483,6.1,4,34,-3
Toledo,81,2019-10-26,8,,Eastern Michigan,76,W,9,18,50.0,138,2,57,366,6.4,3,75,504,6.7,5,37,3
Troy,129,2019-10-26,7,@,Georgia St.,125,L,34,46,73.9,421,2,23,96,4.2,3,69,517,7.5,5,33,-19
Tulane,11,2019-10-26,8,@,Navy,7,L,20,29,69.0,290,3,42,187,4.5,2,71,477,6.7,5,38,-3
Tulsa,12,2019-10-26,8,,Memphis,6,L,23,40,57.5,309,1,61,275,4.5,4,101,584,5.8,5,41,-1
Central Florida,1,2019-10-26,8,@,Temple,10,W,12,23,52.2,229,4,48,385,8.0,5,71,614,8.6,9,63,42
UCLA,102,2019-10-26,8,,Arizona St.,96,W,16,23,69.6,176,2,57,217,3.8,4,80,393,4.9,6,42,10
UNLV,92,2019-10-26,8,,San Diego St.,90,L,21,39,53.8,255,2,33,121,3.7,0,72,376,5.2,2,17,-3
Utah,104,2019-10-26,8,,California,97,W,15,22,68.2,242,2,50,231,4.6,3,72,473,6.6,5,35,35
Utah St.,93,2019-10-26,7,@,Air Force,83,L,14,23,60.9,114,1,13,14,1.1,0,36,128,3.6,1,7,-24
UTEP,62,2019-10-26,7,,Louisiana Tech,54,L,17,30,56.7,227,1,32,128,4.0,2,62,355,5.7,3,21,-21
Virginia,24,2019-10-26,8,@,Louisville,18,L,24,42,57.1,233,1,26,78,3.0,2,68,311,4.6,3,21,-7
Washington St.,106,2019-10-26,8,@,Oregon,99,L,32,50,64.0,406,3,15,40,2.7,1,65,446,6.9,4,35,-2
Western Kentucky,64,2019-10-26,8,@,Marshall,55,L,31,44,70.5,292,0,24,134,5.6,3,68,426,6.3,3,23,-3
Western Michigan,82,2019-10-26,9,,Bowling Green,73,W,15,24,62.5,175,1,57,399,7.0,6,81,574,7.1,7,49,39
Wisconsin,40,2019-10-26,8,@,Ohio St.,36,L,10,17,58.8,108,1,34,83,2.4,0,51,191,3.7,1,7,-31
Wyoming,94,2019-10-26,8,,Nevada,88,W,9,19,47.4,221,3,44,258,5.9,1,63,479,7.6,4,31,28
